INSERT INTO cc VALUES ('BT101',6);
INSERT INTO cc_temp VALUES ('BT101',6);
INSERT INTO cc_clone VALUES ('BT101',6);
INSERT INTO cc VALUES ('BT202',6);
INSERT INTO cc_temp VALUES ('BT202',6);
INSERT INTO cc_clone VALUES ('BT202',6);
INSERT INTO cc VALUES ('BT205',6);
INSERT INTO cc_temp VALUES ('BT205',6);
INSERT INTO cc_clone VALUES ('BT205',6);
INSERT INTO cc VALUES ('BT208',8);
INSERT INTO cc_temp VALUES ('BT208',8);
INSERT INTO cc_clone VALUES ('BT208',8);
INSERT INTO cc VALUES ('BT290',6);
INSERT INTO cc_temp VALUES ('BT290',6);
INSERT INTO cc_clone VALUES ('BT290',6);
INSERT INTO cc VALUES ('BT302',8);
INSERT INTO cc_temp VALUES ('BT302',8);
INSERT INTO cc_clone VALUES ('BT302',8);
INSERT INTO cc VALUES ('BT305',6);
INSERT INTO cc_temp VALUES ('BT305',6);
INSERT INTO cc_clone VALUES ('BT305',6);
INSERT INTO cc VALUES ('BT306',6);
INSERT INTO cc_temp VALUES ('BT306',6);
INSERT INTO cc_clone VALUES ('BT306',6);
INSERT INTO cc VALUES ('BT308',6);
INSERT INTO cc_temp VALUES ('BT308',6);
INSERT INTO cc_clone VALUES ('BT308',6);
INSERT INTO cc VALUES ('BT330',6);
INSERT INTO cc_temp VALUES ('BT330',6);
INSERT INTO cc_clone VALUES ('BT330',6);
INSERT INTO cc VALUES ('BT401',6);
INSERT INTO cc_temp VALUES ('BT401',6);
INSERT INTO cc_clone VALUES ('BT401',6);
INSERT INTO cc VALUES ('BT499',6);
INSERT INTO cc_temp VALUES ('BT499',6);
INSERT INTO cc_clone VALUES ('BT499',6);
INSERT INTO cc VALUES ('BT502',6);
INSERT INTO cc_temp VALUES ('BT502',6);
INSERT INTO cc_clone VALUES ('BT502',6);
INSERT INTO cc VALUES ('BT504',6);
INSERT INTO cc_temp VALUES ('BT504',6);
INSERT INTO cc_clone VALUES ('BT504',6);
INSERT INTO cc VALUES ('BT520',6);
INSERT INTO cc_temp VALUES ('BT520',6);
INSERT INTO cc_clone VALUES ('BT520',6);
INSERT INTO cc VALUES ('BT601',6);
INSERT INTO cc_temp VALUES ('BT601',6);
INSERT INTO cc_clone VALUES ('BT601',6);
INSERT INTO cc VALUES ('BT604',6);
INSERT INTO cc_temp VALUES ('BT604',6);
INSERT INTO cc_clone VALUES ('BT604',6);
INSERT INTO cc VALUES ('BT607',6);
INSERT INTO cc_temp VALUES ('BT607',6);
INSERT INTO cc_clone VALUES ('BT607',6);
INSERT INTO cc VALUES ('BT609',6);
INSERT INTO cc_temp VALUES ('BT609',6);
INSERT INTO cc_clone VALUES ('BT609',6);
INSERT INTO cc VALUES ('BT613',6);
INSERT INTO cc_temp VALUES ('BT613',6);
INSERT INTO cc_clone VALUES ('BT613',6);
INSERT INTO cc VALUES ('BT616',6);
INSERT INTO cc_temp VALUES ('BT616',6);
INSERT INTO cc_clone VALUES ('BT616',6);
INSERT INTO cc VALUES ('BT618',6);
INSERT INTO cc_temp VALUES ('BT618',6);
INSERT INTO cc_clone VALUES ('BT618',6);
INSERT INTO cc VALUES ('BT629',6);
INSERT INTO cc_temp VALUES ('BT629',6);
INSERT INTO cc_clone VALUES ('BT629',6);
INSERT INTO cc VALUES ('BT630',6);
INSERT INTO cc_temp VALUES ('BT630',6);
INSERT INTO cc_clone VALUES ('BT630',6);
INSERT INTO cc VALUES ('BT632',6);
INSERT INTO cc_temp VALUES ('BT632',6);
INSERT INTO cc_clone VALUES ('BT632',6);
INSERT INTO cc VALUES ('BT637',6);
INSERT INTO cc_temp VALUES ('BT637',6);
INSERT INTO cc_clone VALUES ('BT637',6);
INSERT INTO cc VALUES ('BT699',6);
INSERT INTO cc_temp VALUES ('BT699',6);
INSERT INTO cc_clone VALUES ('BT699',6);
INSERT INTO cc VALUES ('CE201',6);
INSERT INTO cc_temp VALUES ('CE201',6);
INSERT INTO cc_clone VALUES ('CE201',6);
INSERT INTO cc VALUES ('CE205',6);
INSERT INTO cc_temp VALUES ('CE205',6);
INSERT INTO cc_clone VALUES ('CE205',6);
INSERT INTO cc VALUES ('CE206',6);
INSERT INTO cc_temp VALUES ('CE206',6);
INSERT INTO cc_clone VALUES ('CE206',6);
INSERT INTO cc VALUES ('CE213',2);
INSERT INTO cc_temp VALUES ('CE213',2);
INSERT INTO cc_clone VALUES ('CE213',2);
INSERT INTO cc VALUES ('CE215',2);
INSERT INTO cc_temp VALUES ('CE215',2);
INSERT INTO cc_clone VALUES ('CE215',2);
INSERT INTO cc VALUES ('CE220',6);
INSERT INTO cc_temp VALUES ('CE220',6);
INSERT INTO cc_clone VALUES ('CE220',6);
INSERT INTO cc VALUES ('CE221',2);
INSERT INTO cc_temp VALUES ('CE221',2);
INSERT INTO cc_clone VALUES ('CE221',2);
INSERT INTO cc VALUES ('CE222',6);
INSERT INTO cc_temp VALUES ('CE222',6);
INSERT INTO cc_clone VALUES ('CE222',6);
INSERT INTO cc VALUES ('CE223',2);
INSERT INTO cc_temp VALUES ('CE223',2);
INSERT INTO cc_clone VALUES ('CE223',2);
INSERT INTO cc VALUES ('CE304',6);
INSERT INTO cc_temp VALUES ('CE304',6);
INSERT INTO cc_clone VALUES ('CE304',6);
INSERT INTO cc VALUES ('CE307',6);
INSERT INTO cc_temp VALUES ('CE307',6);
INSERT INTO cc_clone VALUES ('CE307',6);
INSERT INTO cc VALUES ('CE308',6);
INSERT INTO cc_temp VALUES ('CE308',6);
INSERT INTO cc_clone VALUES ('CE308',6);
INSERT INTO cc VALUES ('CE309',8);
INSERT INTO cc_temp VALUES ('CE309',8);
INSERT INTO cc_clone VALUES ('CE309',8);
INSERT INTO cc VALUES ('CE311',6);
INSERT INTO cc_temp VALUES ('CE311',6);
INSERT INTO cc_clone VALUES ('CE311',6);
INSERT INTO cc VALUES ('CE314',2);
INSERT INTO cc_temp VALUES ('CE314',2);
INSERT INTO cc_clone VALUES ('CE314',2);
INSERT INTO cc VALUES ('CE315',2);
INSERT INTO cc_temp VALUES ('CE315',2);
INSERT INTO cc_clone VALUES ('CE315',2);
INSERT INTO cc VALUES ('CE400',3);
INSERT INTO cc_temp VALUES ('CE400',3);
INSERT INTO cc_clone VALUES ('CE400',3);
INSERT INTO cc VALUES ('CE402',5);
INSERT INTO cc_temp VALUES ('CE402',5);
INSERT INTO cc_clone VALUES ('CE402',5);
INSERT INTO cc VALUES ('CE498',7);
INSERT INTO cc_temp VALUES ('CE498',7);
INSERT INTO cc_clone VALUES ('CE498',7);
INSERT INTO cc VALUES ('CE504',6);
INSERT INTO cc_temp VALUES ('CE504',6);
INSERT INTO cc_clone VALUES ('CE504',6);
INSERT INTO cc VALUES ('CE505',6);
INSERT INTO cc_temp VALUES ('CE505',6);
INSERT INTO cc_clone VALUES ('CE505',6);
INSERT INTO cc VALUES ('CE510',6);
INSERT INTO cc_temp VALUES ('CE510',6);
INSERT INTO cc_clone VALUES ('CE510',6);
INSERT INTO cc VALUES ('CE514',6);
INSERT INTO cc_temp VALUES ('CE514',6);
INSERT INTO cc_clone VALUES ('CE514',6);
INSERT INTO cc VALUES ('CE524',6);
INSERT INTO cc_temp VALUES ('CE524',6);
INSERT INTO cc_clone VALUES ('CE524',6);
INSERT INTO cc VALUES ('CE525',6);
INSERT INTO cc_temp VALUES ('CE525',6);
INSERT INTO cc_clone VALUES ('CE525',6);
INSERT INTO cc VALUES ('CE533',6);
INSERT INTO cc_temp VALUES ('CE533',6);
INSERT INTO cc_clone VALUES ('CE533',6);
INSERT INTO cc VALUES ('CE534',6);
INSERT INTO cc_temp VALUES ('CE534',6);
INSERT INTO cc_clone VALUES ('CE534',6);
INSERT INTO cc VALUES ('CE544',6);
INSERT INTO cc_temp VALUES ('CE544',6);
INSERT INTO cc_clone VALUES ('CE544',6);
INSERT INTO cc VALUES ('CE550',6);
INSERT INTO cc_temp VALUES ('CE550',6);
INSERT INTO cc_clone VALUES ('CE550',6);
INSERT INTO cc VALUES ('CE552',6);
INSERT INTO cc_temp VALUES ('CE552',6);
INSERT INTO cc_clone VALUES ('CE552',6);
INSERT INTO cc VALUES ('CE555',6);
INSERT INTO cc_temp VALUES ('CE555',6);
INSERT INTO cc_clone VALUES ('CE555',6);
INSERT INTO cc VALUES ('CE556',6);
INSERT INTO cc_temp VALUES ('CE556',6);
INSERT INTO cc_clone VALUES ('CE556',6);
INSERT INTO cc VALUES ('CE564',6);
INSERT INTO cc_temp VALUES ('CE564',6);
INSERT INTO cc_clone VALUES ('CE564',6);
INSERT INTO cc VALUES ('CE570',6);
INSERT INTO cc_temp VALUES ('CE570',6);
INSERT INTO cc_clone VALUES ('CE570',6);
INSERT INTO cc VALUES ('CE583',6);
INSERT INTO cc_temp VALUES ('CE583',6);
INSERT INTO cc_clone VALUES ('CE583',6);
INSERT INTO cc VALUES ('CE584',6);
INSERT INTO cc_temp VALUES ('CE584',6);
INSERT INTO cc_clone VALUES ('CE584',6);
INSERT INTO cc VALUES ('CE585',6);
INSERT INTO cc_temp VALUES ('CE585',6);
INSERT INTO cc_clone VALUES ('CE585',6);
INSERT INTO cc VALUES ('CE594',6);
INSERT INTO cc_temp VALUES ('CE594',6);
INSERT INTO cc_clone VALUES ('CE594',6);
INSERT INTO cc VALUES ('CE595',6);
INSERT INTO cc_temp VALUES ('CE595',6);
INSERT INTO cc_clone VALUES ('CE595',6);
INSERT INTO cc VALUES ('CE599',6);
INSERT INTO cc_temp VALUES ('CE599',6);
INSERT INTO cc_clone VALUES ('CE599',6);
INSERT INTO cc VALUES ('CE606',6);
INSERT INTO cc_temp VALUES ('CE606',6);
INSERT INTO cc_clone VALUES ('CE606',6);
INSERT INTO cc VALUES ('CE607',6);
INSERT INTO cc_temp VALUES ('CE607',6);
INSERT INTO cc_clone VALUES ('CE607',6);
INSERT INTO cc VALUES ('CE608',6);
INSERT INTO cc_temp VALUES ('CE608',6);
INSERT INTO cc_clone VALUES ('CE608',6);
INSERT INTO cc VALUES ('CE612',6);
INSERT INTO cc_temp VALUES ('CE612',6);
INSERT INTO cc_clone VALUES ('CE612',6);
INSERT INTO cc VALUES ('CE614',6);
INSERT INTO cc_temp VALUES ('CE614',6);
INSERT INTO cc_clone VALUES ('CE614',6);
INSERT INTO cc VALUES ('CE615',6);
INSERT INTO cc_temp VALUES ('CE615',6);
INSERT INTO cc_clone VALUES ('CE615',6);
INSERT INTO cc VALUES ('CE616',6);
INSERT INTO cc_temp VALUES ('CE616',6);
INSERT INTO cc_clone VALUES ('CE616',6);
INSERT INTO cc VALUES ('CE623',6);
INSERT INTO cc_temp VALUES ('CE623',6);
INSERT INTO cc_clone VALUES ('CE623',6);
INSERT INTO cc VALUES ('CE628',6);
INSERT INTO cc_temp VALUES ('CE628',6);
INSERT INTO cc_clone VALUES ('CE628',6);
INSERT INTO cc VALUES ('CE643',6);
INSERT INTO cc_temp VALUES ('CE643',6);
INSERT INTO cc_clone VALUES ('CE643',6);
INSERT INTO cc VALUES ('CE646',6);
INSERT INTO cc_temp VALUES ('CE646',6);
INSERT INTO cc_clone VALUES ('CE646',6);
INSERT INTO cc VALUES ('CE648',6);
INSERT INTO cc_temp VALUES ('CE648',6);
INSERT INTO cc_clone VALUES ('CE648',6);
INSERT INTO cc VALUES ('CE649',6);
INSERT INTO cc_temp VALUES ('CE649',6);
INSERT INTO cc_clone VALUES ('CE649',6);
INSERT INTO cc VALUES ('CE652',6);
INSERT INTO cc_temp VALUES ('CE652',6);
INSERT INTO cc_clone VALUES ('CE652',6);
INSERT INTO cc VALUES ('CE661',6);
INSERT INTO cc_temp VALUES ('CE661',6);
INSERT INTO cc_clone VALUES ('CE661',6);
INSERT INTO cc VALUES ('CE664',6);
INSERT INTO cc_temp VALUES ('CE664',6);
INSERT INTO cc_clone VALUES ('CE664',6);
INSERT INTO cc VALUES ('CE691',6);
INSERT INTO cc_temp VALUES ('CE691',6);
INSERT INTO cc_clone VALUES ('CE691',6);
INSERT INTO cc VALUES ('CE693',6);
INSERT INTO cc_temp VALUES ('CE693',6);
INSERT INTO cc_clone VALUES ('CE693',6);
INSERT INTO cc VALUES ('CE695',6);
INSERT INTO cc_temp VALUES ('CE695',6);
INSERT INTO cc_clone VALUES ('CE695',6);
INSERT INTO cc VALUES ('CE697',6);
INSERT INTO cc_temp VALUES ('CE697',6);
INSERT INTO cc_clone VALUES ('CE697',6);
INSERT INTO cc VALUES ('CE699',6);
INSERT INTO cc_temp VALUES ('CE699',6);
INSERT INTO cc_clone VALUES ('CE699',6);
INSERT INTO cc VALUES ('CH212',6);
INSERT INTO cc_temp VALUES ('CH212',6);
INSERT INTO cc_clone VALUES ('CH212',6);
INSERT INTO cc VALUES ('CH222',6);
INSERT INTO cc_temp VALUES ('CH222',6);
INSERT INTO cc_clone VALUES ('CH222',6);
INSERT INTO cc VALUES ('CH223',6);
INSERT INTO cc_temp VALUES ('CH223',6);
INSERT INTO cc_clone VALUES ('CH223',6);
INSERT INTO cc VALUES ('CH232',8);
INSERT INTO cc_temp VALUES ('CH232',8);
INSERT INTO cc_clone VALUES ('CH232',8);
INSERT INTO cc VALUES ('CH233',6);
INSERT INTO cc_temp VALUES ('CH233',6);
INSERT INTO cc_clone VALUES ('CH233',6);
INSERT INTO cc VALUES ('CH322',6);
INSERT INTO cc_temp VALUES ('CH322',6);
INSERT INTO cc_clone VALUES ('CH322',6);
INSERT INTO cc VALUES ('CH323',6);
INSERT INTO cc_temp VALUES ('CH323',6);
INSERT INTO cc_clone VALUES ('CH323',6);
INSERT INTO cc VALUES ('CH333',6);
INSERT INTO cc_temp VALUES ('CH333',6);
INSERT INTO cc_clone VALUES ('CH333',6);
INSERT INTO cc VALUES ('CH334',6);
INSERT INTO cc_temp VALUES ('CH334',6);
INSERT INTO cc_clone VALUES ('CH334',6);
INSERT INTO cc VALUES ('CH411',6);
INSERT INTO cc_temp VALUES ('CH411',6);
INSERT INTO cc_clone VALUES ('CH411',6);
INSERT INTO cc VALUES ('CH417',6);
INSERT INTO cc_temp VALUES ('CH417',6);
INSERT INTO cc_clone VALUES ('CH417',6);
INSERT INTO cc VALUES ('CH418',6);
INSERT INTO cc_temp VALUES ('CH418',6);
INSERT INTO cc_clone VALUES ('CH418',6);
INSERT INTO cc VALUES ('CH419',6);
INSERT INTO cc_temp VALUES ('CH419',6);
INSERT INTO cc_clone VALUES ('CH419',6);
INSERT INTO cc VALUES ('CH421',6);
INSERT INTO cc_temp VALUES ('CH421',6);
INSERT INTO cc_clone VALUES ('CH421',6);
INSERT INTO cc VALUES ('CH425',6);
INSERT INTO cc_temp VALUES ('CH425',6);
INSERT INTO cc_clone VALUES ('CH425',6);
INSERT INTO cc VALUES ('CH428',6);
INSERT INTO cc_temp VALUES ('CH428',6);
INSERT INTO cc_clone VALUES ('CH428',6);
INSERT INTO cc VALUES ('CH432',6);
INSERT INTO cc_temp VALUES ('CH432',6);
INSERT INTO cc_clone VALUES ('CH432',6);
INSERT INTO cc VALUES ('CH433',6);
INSERT INTO cc_temp VALUES ('CH433',6);
INSERT INTO cc_clone VALUES ('CH433',6);
INSERT INTO cc VALUES ('CH438',6);
INSERT INTO cc_temp VALUES ('CH438',6);
INSERT INTO cc_clone VALUES ('CH438',6);
INSERT INTO cc VALUES ('CH499',6);
INSERT INTO cc_temp VALUES ('CH499',6);
INSERT INTO cc_clone VALUES ('CH499',6);
INSERT INTO cc VALUES ('CH501',6);
INSERT INTO cc_temp VALUES ('CH501',6);
INSERT INTO cc_clone VALUES ('CH501',6);
INSERT INTO cc VALUES ('CH600',6);
INSERT INTO cc_temp VALUES ('CH600',6);
INSERT INTO cc_clone VALUES ('CH600',6);
INSERT INTO cc VALUES ('CH603',6);
INSERT INTO cc_temp VALUES ('CH603',6);
INSERT INTO cc_clone VALUES ('CH603',6);
INSERT INTO cc VALUES ('CH611',6);
INSERT INTO cc_temp VALUES ('CH611',6);
INSERT INTO cc_clone VALUES ('CH611',6);
INSERT INTO cc VALUES ('CH615',6);
INSERT INTO cc_temp VALUES ('CH615',6);
INSERT INTO cc_clone VALUES ('CH615',6);
INSERT INTO cc VALUES ('CH617',6);
INSERT INTO cc_temp VALUES ('CH617',6);
INSERT INTO cc_clone VALUES ('CH617',6);
INSERT INTO cc VALUES ('CH621',6);
INSERT INTO cc_temp VALUES ('CH621',6);
INSERT INTO cc_clone VALUES ('CH621',6);
INSERT INTO cc VALUES ('CH623',6);
INSERT INTO cc_temp VALUES ('CH623',6);
INSERT INTO cc_clone VALUES ('CH623',6);
INSERT INTO cc VALUES ('CH625',6);
INSERT INTO cc_temp VALUES ('CH625',6);
INSERT INTO cc_clone VALUES ('CH625',6);
INSERT INTO cc VALUES ('CH630',6);
INSERT INTO cc_temp VALUES ('CH630',6);
INSERT INTO cc_clone VALUES ('CH630',6);
INSERT INTO cc VALUES ('CH637',6);
INSERT INTO cc_temp VALUES ('CH637',6);
INSERT INTO cc_clone VALUES ('CH637',6);
INSERT INTO cc VALUES ('CH640',6);
INSERT INTO cc_temp VALUES ('CH640',6);
INSERT INTO cc_clone VALUES ('CH640',6);
INSERT INTO cc VALUES ('CL204',8);
INSERT INTO cc_temp VALUES ('CL204',8);
INSERT INTO cc_clone VALUES ('CL204',8);
INSERT INTO cc VALUES ('CL205',6);
INSERT INTO cc_temp VALUES ('CL205',6);
INSERT INTO cc_clone VALUES ('CL205',6);
INSERT INTO cc VALUES ('CL206',5);
INSERT INTO cc_temp VALUES ('CL206',5);
INSERT INTO cc_clone VALUES ('CL206',5);
INSERT INTO cc VALUES ('CL207',6);
INSERT INTO cc_temp VALUES ('CL207',6);
INSERT INTO cc_clone VALUES ('CL207',6);
INSERT INTO cc VALUES ('CL210',3);
INSERT INTO cc_temp VALUES ('CL210',3);
INSERT INTO cc_clone VALUES ('CL210',3);
INSERT INTO cc VALUES ('CL211',3);
INSERT INTO cc_temp VALUES ('CL211',3);
INSERT INTO cc_clone VALUES ('CL211',3);
INSERT INTO cc VALUES ('CL307',6);
INSERT INTO cc_temp VALUES ('CL307',6);
INSERT INTO cc_clone VALUES ('CL307',6);
INSERT INTO cc VALUES ('CL308',6);
INSERT INTO cc_temp VALUES ('CL308',6);
INSERT INTO cc_clone VALUES ('CL308',6);
INSERT INTO cc VALUES ('CL309',8);
INSERT INTO cc_temp VALUES ('CL309',8);
INSERT INTO cc_clone VALUES ('CL309',8);
INSERT INTO cc VALUES ('CL314',6);
INSERT INTO cc_temp VALUES ('CL314',6);
INSERT INTO cc_clone VALUES ('CL314',6);
INSERT INTO cc VALUES ('CL315',3);
INSERT INTO cc_temp VALUES ('CL315',3);
INSERT INTO cc_clone VALUES ('CL315',3);
INSERT INTO cc VALUES ('CL401',8);
INSERT INTO cc_temp VALUES ('CL401',8);
INSERT INTO cc_clone VALUES ('CL401',8);
INSERT INTO cc VALUES ('CL404',6);
INSERT INTO cc_temp VALUES ('CL404',6);
INSERT INTO cc_clone VALUES ('CL404',6);
INSERT INTO cc VALUES ('CL498',6);
INSERT INTO cc_temp VALUES ('CL498',6);
INSERT INTO cc_clone VALUES ('CL498',6);
INSERT INTO cc VALUES ('CL499',6);
INSERT INTO cc_temp VALUES ('CL499',6);
INSERT INTO cc_clone VALUES ('CL499',6);
INSERT INTO cc VALUES ('CL503',6);
INSERT INTO cc_temp VALUES ('CL503',6);
INSERT INTO cc_clone VALUES ('CL503',6);
INSERT INTO cc VALUES ('CL504',6);
INSERT INTO cc_temp VALUES ('CL504',6);
INSERT INTO cc_clone VALUES ('CL504',6);
INSERT INTO cc VALUES ('CL599',6);
INSERT INTO cc_temp VALUES ('CL599',6);
INSERT INTO cc_clone VALUES ('CL599',6);
INSERT INTO cc VALUES ('CL612',6);
INSERT INTO cc_temp VALUES ('CL612',6);
INSERT INTO cc_clone VALUES ('CL612',6);
INSERT INTO cc VALUES ('CL614',6);
INSERT INTO cc_temp VALUES ('CL614',6);
INSERT INTO cc_clone VALUES ('CL614',6);
INSERT INTO cc VALUES ('CL617',6);
INSERT INTO cc_temp VALUES ('CL617',6);
INSERT INTO cc_clone VALUES ('CL617',6);
INSERT INTO cc VALUES ('CL618',6);
INSERT INTO cc_temp VALUES ('CL618',6);
INSERT INTO cc_clone VALUES ('CL618',6);
INSERT INTO cc VALUES ('CL619',6);
INSERT INTO cc_temp VALUES ('CL619',6);
INSERT INTO cc_clone VALUES ('CL619',6);
INSERT INTO cc VALUES ('CL622',6);
INSERT INTO cc_temp VALUES ('CL622',6);
INSERT INTO cc_clone VALUES ('CL622',6);
INSERT INTO cc VALUES ('CL623',6);
INSERT INTO cc_temp VALUES ('CL623',6);
INSERT INTO cc_clone VALUES ('CL623',6);
INSERT INTO cc VALUES ('CL625',6);
INSERT INTO cc_temp VALUES ('CL625',6);
INSERT INTO cc_clone VALUES ('CL625',6);
INSERT INTO cc VALUES ('CL630',6);
INSERT INTO cc_temp VALUES ('CL630',6);
INSERT INTO cc_clone VALUES ('CL630',6);
INSERT INTO cc VALUES ('CL634',6);
INSERT INTO cc_temp VALUES ('CL634',6);
INSERT INTO cc_clone VALUES ('CL634',6);
INSERT INTO cc VALUES ('CL635',6);
INSERT INTO cc_temp VALUES ('CL635',6);
INSERT INTO cc_clone VALUES ('CL635',6);
INSERT INTO cc VALUES ('CL638',6);
INSERT INTO cc_temp VALUES ('CL638',6);
INSERT INTO cc_clone VALUES ('CL638',6);
INSERT INTO cc VALUES ('CL639',6);
INSERT INTO cc_temp VALUES ('CL639',6);
INSERT INTO cc_clone VALUES ('CL639',6);
INSERT INTO cc VALUES ('CL642',6);
INSERT INTO cc_temp VALUES ('CL642',6);
INSERT INTO cc_clone VALUES ('CL642',6);
INSERT INTO cc VALUES ('CL698',6);
INSERT INTO cc_temp VALUES ('CL698',6);
INSERT INTO cc_clone VALUES ('CL698',6);
INSERT INTO cc VALUES ('CL699',6);
INSERT INTO cc_temp VALUES ('CL699',6);
INSERT INTO cc_clone VALUES ('CL699',6);
INSERT INTO cc VALUES ('CS101',6);
INSERT INTO cc_temp VALUES ('CS101',6);
INSERT INTO cc_clone VALUES ('CS101',6);
INSERT INTO cc VALUES ('CS110',3);
INSERT INTO cc_temp VALUES ('CS110',3);
INSERT INTO cc_clone VALUES ('CS110',3);
INSERT INTO cc VALUES ('CS203',6);
INSERT INTO cc_temp VALUES ('CS203',6);
INSERT INTO cc_clone VALUES ('CS203',6);
INSERT INTO cc VALUES ('CS204',6);
INSERT INTO cc_temp VALUES ('CS204',6);
INSERT INTO cc_clone VALUES ('CS204',6);
INSERT INTO cc VALUES ('CS206M',6);
INSERT INTO cc_temp VALUES ('CS206M',6);
INSERT INTO cc_clone VALUES ('CS206M',6);
INSERT INTO cc VALUES ('CS222',6);
INSERT INTO cc_temp VALUES ('CS222',6);
INSERT INTO cc_clone VALUES ('CS222',6);
INSERT INTO cc VALUES ('CS223',3);
INSERT INTO cc_temp VALUES ('CS223',3);
INSERT INTO cc_clone VALUES ('CS223',3);
INSERT INTO cc VALUES ('CS242',4);
INSERT INTO cc_temp VALUES ('CS242',4);
INSERT INTO cc_clone VALUES ('CS242',4);
INSERT INTO cc VALUES ('CS243',5);
INSERT INTO cc_temp VALUES ('CS243',5);
INSERT INTO cc_clone VALUES ('CS243',5);
INSERT INTO cc VALUES ('CS244',5);
INSERT INTO cc_temp VALUES ('CS244',5);
INSERT INTO cc_clone VALUES ('CS244',5);
INSERT INTO cc VALUES ('CS344',6);
INSERT INTO cc_temp VALUES ('CS344',6);
INSERT INTO cc_clone VALUES ('CS344',6);
INSERT INTO cc VALUES ('CS345',3);
INSERT INTO cc_temp VALUES ('CS345',3);
INSERT INTO cc_clone VALUES ('CS345',3);
INSERT INTO cc VALUES ('CS346',6);
INSERT INTO cc_temp VALUES ('CS346',6);
INSERT INTO cc_clone VALUES ('CS346',6);
INSERT INTO cc VALUES ('CS347',3);
INSERT INTO cc_temp VALUES ('CS347',3);
INSERT INTO cc_clone VALUES ('CS347',3);
INSERT INTO cc VALUES ('CS348',6);
INSERT INTO cc_temp VALUES ('CS348',6);
INSERT INTO cc_clone VALUES ('CS348',6);
INSERT INTO cc VALUES ('CS349',3);
INSERT INTO cc_temp VALUES ('CS349',3);
INSERT INTO cc_clone VALUES ('CS349',3);
INSERT INTO cc VALUES ('CS350M',6);
INSERT INTO cc_temp VALUES ('CS350M',6);
INSERT INTO cc_clone VALUES ('CS350M',6);
INSERT INTO cc VALUES ('CS499',6);
INSERT INTO cc_temp VALUES ('CS499',6);
INSERT INTO cc_clone VALUES ('CS499',6);
INSERT INTO cc VALUES ('CS501',6);
INSERT INTO cc_temp VALUES ('CS501',6);
INSERT INTO cc_clone VALUES ('CS501',6);
INSERT INTO cc VALUES ('CS503',6);
INSERT INTO cc_temp VALUES ('CS503',6);
INSERT INTO cc_clone VALUES ('CS503',6);
INSERT INTO cc VALUES ('CS525',6);
INSERT INTO cc_temp VALUES ('CS525',6);
INSERT INTO cc_clone VALUES ('CS525',6);
INSERT INTO cc VALUES ('CS526',6);
INSERT INTO cc_temp VALUES ('CS526',6);
INSERT INTO cc_clone VALUES ('CS526',6);
INSERT INTO cc VALUES ('CS549',6);
INSERT INTO cc_temp VALUES ('CS549',6);
INSERT INTO cc_clone VALUES ('CS549',6);
INSERT INTO cc VALUES ('CS558',6);
INSERT INTO cc_temp VALUES ('CS558',6);
INSERT INTO cc_clone VALUES ('CS558',6);
INSERT INTO cc VALUES ('CS561',6);
INSERT INTO cc_temp VALUES ('CS561',6);
INSERT INTO cc_clone VALUES ('CS561',6);
INSERT INTO cc VALUES ('CS666',6);
INSERT INTO cc_temp VALUES ('CS666',6);
INSERT INTO cc_clone VALUES ('CS666',6);
INSERT INTO cc VALUES ('CS699',6);
INSERT INTO cc_temp VALUES ('CS699',6);
INSERT INTO cc_clone VALUES ('CS699',6);
INSERT INTO cc VALUES ('DD111',6);
INSERT INTO cc_temp VALUES ('DD111',6);
INSERT INTO cc_clone VALUES ('DD111',6);
INSERT INTO cc VALUES ('DD112',6);
INSERT INTO cc_temp VALUES ('DD112',6);
INSERT INTO cc_clone VALUES ('DD112',6);
INSERT INTO cc VALUES ('DD113',6);
INSERT INTO cc_temp VALUES ('DD113',6);
INSERT INTO cc_clone VALUES ('DD113',6);
INSERT INTO cc VALUES ('DD211',6);
INSERT INTO cc_temp VALUES ('DD211',6);
INSERT INTO cc_clone VALUES ('DD211',6);
INSERT INTO cc VALUES ('DD212',6);
INSERT INTO cc_temp VALUES ('DD212',6);
INSERT INTO cc_clone VALUES ('DD212',6);
INSERT INTO cc VALUES ('DD214',6);
INSERT INTO cc_temp VALUES ('DD214',6);
INSERT INTO cc_clone VALUES ('DD214',6);
INSERT INTO cc VALUES ('DD215',6);
INSERT INTO cc_temp VALUES ('DD215',6);
INSERT INTO cc_clone VALUES ('DD215',6);
INSERT INTO cc VALUES ('DD216',6);
INSERT INTO cc_temp VALUES ('DD216',6);
INSERT INTO cc_clone VALUES ('DD216',6);
INSERT INTO cc VALUES ('DD220M',6);
INSERT INTO cc_temp VALUES ('DD220M',6);
INSERT INTO cc_clone VALUES ('DD220M',6);
INSERT INTO cc VALUES ('DD306',6);
INSERT INTO cc_temp VALUES ('DD306',6);
INSERT INTO cc_clone VALUES ('DD306',6);
INSERT INTO cc VALUES ('DD311',6);
INSERT INTO cc_temp VALUES ('DD311',6);
INSERT INTO cc_clone VALUES ('DD311',6);
INSERT INTO cc VALUES ('DD312',6);
INSERT INTO cc_temp VALUES ('DD312',6);
INSERT INTO cc_clone VALUES ('DD312',6);
INSERT INTO cc VALUES ('DD313',6);
INSERT INTO cc_temp VALUES ('DD313',6);
INSERT INTO cc_clone VALUES ('DD313',6);
INSERT INTO cc VALUES ('DD314',6);
INSERT INTO cc_temp VALUES ('DD314',6);
INSERT INTO cc_clone VALUES ('DD314',6);
INSERT INTO cc VALUES ('DD315',6);
INSERT INTO cc_temp VALUES ('DD315',6);
INSERT INTO cc_clone VALUES ('DD315',6);
INSERT INTO cc VALUES ('DD316',6);
INSERT INTO cc_temp VALUES ('DD316',6);
INSERT INTO cc_clone VALUES ('DD316',6);
INSERT INTO cc VALUES ('DD320M',6);
INSERT INTO cc_temp VALUES ('DD320M',6);
INSERT INTO cc_clone VALUES ('DD320M',6);
INSERT INTO cc VALUES ('DD411',6);
INSERT INTO cc_temp VALUES ('DD411',6);
INSERT INTO cc_clone VALUES ('DD411',6);
INSERT INTO cc VALUES ('DD413',6);
INSERT INTO cc_temp VALUES ('DD413',6);
INSERT INTO cc_clone VALUES ('DD413',6);
INSERT INTO cc VALUES ('DD497',6);
INSERT INTO cc_temp VALUES ('DD497',6);
INSERT INTO cc_clone VALUES ('DD497',6);
INSERT INTO cc VALUES ('DD499',6);
INSERT INTO cc_temp VALUES ('DD499',6);
INSERT INTO cc_clone VALUES ('DD499',6);
INSERT INTO cc VALUES ('DD505',6);
INSERT INTO cc_temp VALUES ('DD505',6);
INSERT INTO cc_clone VALUES ('DD505',6);
INSERT INTO cc VALUES ('DD506',6);
INSERT INTO cc_temp VALUES ('DD506',6);
INSERT INTO cc_clone VALUES ('DD506',6);
INSERT INTO cc VALUES ('DD507',6);
INSERT INTO cc_temp VALUES ('DD507',6);
INSERT INTO cc_clone VALUES ('DD507',6);
INSERT INTO cc VALUES ('DD509',6);
INSERT INTO cc_temp VALUES ('DD509',6);
INSERT INTO cc_clone VALUES ('DD509',6);
INSERT INTO cc VALUES ('DD510',6);
INSERT INTO cc_temp VALUES ('DD510',6);
INSERT INTO cc_clone VALUES ('DD510',6);
INSERT INTO cc VALUES ('DD512',6);
INSERT INTO cc_temp VALUES ('DD512',6);
INSERT INTO cc_clone VALUES ('DD512',6);
INSERT INTO cc VALUES ('DD514',6);
INSERT INTO cc_temp VALUES ('DD514',6);
INSERT INTO cc_clone VALUES ('DD514',6);
INSERT INTO cc VALUES ('DD515',6);
INSERT INTO cc_temp VALUES ('DD515',6);
INSERT INTO cc_clone VALUES ('DD515',6);
INSERT INTO cc VALUES ('DD516',6);
INSERT INTO cc_temp VALUES ('DD516',6);
INSERT INTO cc_clone VALUES ('DD516',6);
INSERT INTO cc VALUES ('DD521',6);
INSERT INTO cc_temp VALUES ('DD521',6);
INSERT INTO cc_clone VALUES ('DD521',6);
INSERT INTO cc VALUES ('DD522',6);
INSERT INTO cc_temp VALUES ('DD522',6);
INSERT INTO cc_clone VALUES ('DD522',6);
INSERT INTO cc VALUES ('DD527',6);
INSERT INTO cc_temp VALUES ('DD527',6);
INSERT INTO cc_clone VALUES ('DD527',6);
INSERT INTO cc VALUES ('DD531',6);
INSERT INTO cc_temp VALUES ('DD531',6);
INSERT INTO cc_clone VALUES ('DD531',6);
INSERT INTO cc VALUES ('DD602',6);
INSERT INTO cc_temp VALUES ('DD602',6);
INSERT INTO cc_clone VALUES ('DD602',6);
INSERT INTO cc VALUES ('DD605',6);
INSERT INTO cc_temp VALUES ('DD605',6);
INSERT INTO cc_clone VALUES ('DD605',6);
INSERT INTO cc VALUES ('DD704',6);
INSERT INTO cc_temp VALUES ('DD704',6);
INSERT INTO cc_clone VALUES ('DD704',6);
INSERT INTO cc VALUES ('DD705',6);
INSERT INTO cc_temp VALUES ('DD705',6);
INSERT INTO cc_clone VALUES ('DD705',6);
INSERT INTO cc VALUES ('DD707',6);
INSERT INTO cc_temp VALUES ('DD707',6);
INSERT INTO cc_clone VALUES ('DD707',6);
INSERT INTO cc VALUES ('DD709',6);
INSERT INTO cc_temp VALUES ('DD709',6);
INSERT INTO cc_clone VALUES ('DD709',6);
INSERT INTO cc VALUES ('DD710',6);
INSERT INTO cc_temp VALUES ('DD710',6);
INSERT INTO cc_clone VALUES ('DD710',6);
INSERT INTO cc VALUES ('EE102',3);
INSERT INTO cc_temp VALUES ('EE102',3);
INSERT INTO cc_clone VALUES ('EE102',3);
INSERT INTO cc VALUES ('EE203',6);
INSERT INTO cc_temp VALUES ('EE203',6);
INSERT INTO cc_clone VALUES ('EE203',6);
INSERT INTO cc VALUES ('EE204',3);
INSERT INTO cc_temp VALUES ('EE204',3);
INSERT INTO cc_clone VALUES ('EE204',3);
INSERT INTO cc VALUES ('EE213M',6);
INSERT INTO cc_temp VALUES ('EE213M',6);
INSERT INTO cc_clone VALUES ('EE213M',6);
INSERT INTO cc VALUES ('EE221',8);
INSERT INTO cc_temp VALUES ('EE221',8);
INSERT INTO cc_clone VALUES ('EE221',8);
INSERT INTO cc VALUES ('EE230',8);
INSERT INTO cc_temp VALUES ('EE230',8);
INSERT INTO cc_clone VALUES ('EE230',8);
INSERT INTO cc VALUES ('EE270',6);
INSERT INTO cc_temp VALUES ('EE270',6);
INSERT INTO cc_clone VALUES ('EE270',6);
INSERT INTO cc VALUES ('EE304',4);
INSERT INTO cc_temp VALUES ('EE304',4);
INSERT INTO cc_clone VALUES ('EE304',4);
INSERT INTO cc VALUES ('EE322M',6);
INSERT INTO cc_temp VALUES ('EE322M',6);
INSERT INTO cc_clone VALUES ('EE322M',6);
INSERT INTO cc VALUES ('EE333',6);
INSERT INTO cc_temp VALUES ('EE333',6);
INSERT INTO cc_clone VALUES ('EE333',6);
INSERT INTO cc VALUES ('EE337',6);
INSERT INTO cc_temp VALUES ('EE337',6);
INSERT INTO cc_clone VALUES ('EE337',6);
INSERT INTO cc VALUES ('EE340',6);
INSERT INTO cc_temp VALUES ('EE340',6);
INSERT INTO cc_clone VALUES ('EE340',6);
INSERT INTO cc VALUES ('EE351',6);
INSERT INTO cc_temp VALUES ('EE351',6);
INSERT INTO cc_clone VALUES ('EE351',6);
INSERT INTO cc VALUES ('EE360',6);
INSERT INTO cc_temp VALUES ('EE360',6);
INSERT INTO cc_clone VALUES ('EE360',6);
INSERT INTO cc VALUES ('EE371',3);
INSERT INTO cc_temp VALUES ('EE371',3);
INSERT INTO cc_clone VALUES ('EE371',3);
INSERT INTO cc VALUES ('EE385',6);
INSERT INTO cc_temp VALUES ('EE385',6);
INSERT INTO cc_clone VALUES ('EE385',6);
INSERT INTO cc VALUES ('EE498',6);
INSERT INTO cc_temp VALUES ('EE498',6);
INSERT INTO cc_clone VALUES ('EE498',6);
INSERT INTO cc VALUES ('EE499',6);
INSERT INTO cc_temp VALUES ('EE499',6);
INSERT INTO cc_clone VALUES ('EE499',6);
INSERT INTO cc VALUES ('EE503',6);
INSERT INTO cc_temp VALUES ('EE503',6);
INSERT INTO cc_clone VALUES ('EE503',6);
INSERT INTO cc VALUES ('EE513',6);
INSERT INTO cc_temp VALUES ('EE513',6);
INSERT INTO cc_clone VALUES ('EE513',6);
INSERT INTO cc VALUES ('EE514',6);
INSERT INTO cc_temp VALUES ('EE514',6);
INSERT INTO cc_clone VALUES ('EE514',6);
INSERT INTO cc VALUES ('EE525',6);
INSERT INTO cc_temp VALUES ('EE525',6);
INSERT INTO cc_clone VALUES ('EE525',6);
INSERT INTO cc VALUES ('EE529',6);
INSERT INTO cc_temp VALUES ('EE529',6);
INSERT INTO cc_clone VALUES ('EE529',6);
INSERT INTO cc VALUES ('EE533',6);
INSERT INTO cc_temp VALUES ('EE533',6);
INSERT INTO cc_clone VALUES ('EE533',6);
INSERT INTO cc VALUES ('EE534',6);
INSERT INTO cc_temp VALUES ('EE534',6);
INSERT INTO cc_clone VALUES ('EE534',6);
INSERT INTO cc VALUES ('EE539',6);
INSERT INTO cc_temp VALUES ('EE539',6);
INSERT INTO cc_clone VALUES ('EE539',6);
INSERT INTO cc VALUES ('EE551',6);
INSERT INTO cc_temp VALUES ('EE551',6);
INSERT INTO cc_clone VALUES ('EE551',6);
INSERT INTO cc VALUES ('EE561',6);
INSERT INTO cc_temp VALUES ('EE561',6);
INSERT INTO cc_clone VALUES ('EE561',6);
INSERT INTO cc VALUES ('EE562',6);
INSERT INTO cc_temp VALUES ('EE562',6);
INSERT INTO cc_clone VALUES ('EE562',6);
INSERT INTO cc VALUES ('EE580',6);
INSERT INTO cc_temp VALUES ('EE580',6);
INSERT INTO cc_clone VALUES ('EE580',6);
INSERT INTO cc VALUES ('EE621',6);
INSERT INTO cc_temp VALUES ('EE621',6);
INSERT INTO cc_clone VALUES ('EE621',6);
INSERT INTO cc VALUES ('EE625',6);
INSERT INTO cc_temp VALUES ('EE625',6);
INSERT INTO cc_clone VALUES ('EE625',6);
INSERT INTO cc VALUES ('EE626',6);
INSERT INTO cc_temp VALUES ('EE626',6);
INSERT INTO cc_clone VALUES ('EE626',6);
INSERT INTO cc VALUES ('EE631',6);
INSERT INTO cc_temp VALUES ('EE631',6);
INSERT INTO cc_clone VALUES ('EE631',6);
INSERT INTO cc VALUES ('EE632',6);
INSERT INTO cc_temp VALUES ('EE632',6);
INSERT INTO cc_clone VALUES ('EE632',6);
INSERT INTO cc VALUES ('EE634',6);
INSERT INTO cc_temp VALUES ('EE634',6);
INSERT INTO cc_clone VALUES ('EE634',6);
INSERT INTO cc VALUES ('EE636',6);
INSERT INTO cc_temp VALUES ('EE636',6);
INSERT INTO cc_clone VALUES ('EE636',6);
INSERT INTO cc VALUES ('EE642',6);
INSERT INTO cc_temp VALUES ('EE642',6);
INSERT INTO cc_clone VALUES ('EE642',6);
INSERT INTO cc VALUES ('EE643',6);
INSERT INTO cc_temp VALUES ('EE643',6);
INSERT INTO cc_clone VALUES ('EE643',6);
INSERT INTO cc VALUES ('EE645',6);
INSERT INTO cc_temp VALUES ('EE645',6);
INSERT INTO cc_clone VALUES ('EE645',6);
INSERT INTO cc VALUES ('EE646',6);
INSERT INTO cc_temp VALUES ('EE646',6);
INSERT INTO cc_clone VALUES ('EE646',6);
INSERT INTO cc VALUES ('EE647',6);
INSERT INTO cc_temp VALUES ('EE647',6);
INSERT INTO cc_clone VALUES ('EE647',6);
INSERT INTO cc VALUES ('EE648',6);
INSERT INTO cc_temp VALUES ('EE648',6);
INSERT INTO cc_clone VALUES ('EE648',6);
INSERT INTO cc VALUES ('EE652',6);
INSERT INTO cc_temp VALUES ('EE652',6);
INSERT INTO cc_clone VALUES ('EE652',6);
INSERT INTO cc VALUES ('EE653',6);
INSERT INTO cc_temp VALUES ('EE653',6);
INSERT INTO cc_clone VALUES ('EE653',6);
INSERT INTO cc VALUES ('EE654',6);
INSERT INTO cc_temp VALUES ('EE654',6);
INSERT INTO cc_clone VALUES ('EE654',6);
INSERT INTO cc VALUES ('EE657',6);
INSERT INTO cc_temp VALUES ('EE657',6);
INSERT INTO cc_clone VALUES ('EE657',6);
INSERT INTO cc VALUES ('EE663',6);
INSERT INTO cc_temp VALUES ('EE663',6);
INSERT INTO cc_clone VALUES ('EE663',6);
INSERT INTO cc VALUES ('EE664',6);
INSERT INTO cc_temp VALUES ('EE664',6);
INSERT INTO cc_clone VALUES ('EE664',6);
INSERT INTO cc VALUES ('EE667',6);
INSERT INTO cc_temp VALUES ('EE667',6);
INSERT INTO cc_clone VALUES ('EE667',6);
INSERT INTO cc VALUES ('EE668',6);
INSERT INTO cc_temp VALUES ('EE668',6);
INSERT INTO cc_clone VALUES ('EE668',6);
INSERT INTO cc VALUES ('EE671',6);
INSERT INTO cc_temp VALUES ('EE671',6);
INSERT INTO cc_clone VALUES ('EE671',6);
INSERT INTO cc VALUES ('EE673',6);
INSERT INTO cc_temp VALUES ('EE673',6);
INSERT INTO cc_clone VALUES ('EE673',6);
INSERT INTO cc VALUES ('EE699',6);
INSERT INTO cc_temp VALUES ('EE699',6);
INSERT INTO cc_clone VALUES ('EE699',6);
INSERT INTO cc VALUES ('HS203',6);
INSERT INTO cc_temp VALUES ('HS203',6);
INSERT INTO cc_clone VALUES ('HS203',6);
INSERT INTO cc VALUES ('HS212',6);
INSERT INTO cc_temp VALUES ('HS212',6);
INSERT INTO cc_clone VALUES ('HS212',6);
INSERT INTO cc VALUES ('HS213',6);
INSERT INTO cc_temp VALUES ('HS213',6);
INSERT INTO cc_clone VALUES ('HS213',6);
INSERT INTO cc VALUES ('HS220',6);
INSERT INTO cc_temp VALUES ('HS220',6);
INSERT INTO cc_clone VALUES ('HS220',6);
INSERT INTO cc VALUES ('HS224',6);
INSERT INTO cc_temp VALUES ('HS224',6);
INSERT INTO cc_clone VALUES ('HS224',6);
INSERT INTO cc VALUES ('HS226',6);
INSERT INTO cc_temp VALUES ('HS226',6);
INSERT INTO cc_clone VALUES ('HS226',6);
INSERT INTO cc VALUES ('HS234',6);
INSERT INTO cc_temp VALUES ('HS234',6);
INSERT INTO cc_clone VALUES ('HS234',6);
INSERT INTO cc VALUES ('HS237',6);
INSERT INTO cc_temp VALUES ('HS237',6);
INSERT INTO cc_clone VALUES ('HS237',6);
INSERT INTO cc VALUES ('HS238',6);
INSERT INTO cc_temp VALUES ('HS238',6);
INSERT INTO cc_clone VALUES ('HS238',6);
INSERT INTO cc VALUES ('HS239',6);
INSERT INTO cc_temp VALUES ('HS239',6);
INSERT INTO cc_clone VALUES ('HS239',6);
INSERT INTO cc VALUES ('HS242',6);
INSERT INTO cc_temp VALUES ('HS242',6);
INSERT INTO cc_clone VALUES ('HS242',6);
INSERT INTO cc VALUES ('HS243',6);
INSERT INTO cc_temp VALUES ('HS243',6);
INSERT INTO cc_clone VALUES ('HS243',6);
INSERT INTO cc VALUES ('HS406',6);
INSERT INTO cc_temp VALUES ('HS406',6);
INSERT INTO cc_clone VALUES ('HS406',6);
INSERT INTO cc VALUES ('HS409',6);
INSERT INTO cc_temp VALUES ('HS409',6);
INSERT INTO cc_clone VALUES ('HS409',6);
INSERT INTO cc VALUES ('HS413',6);
INSERT INTO cc_temp VALUES ('HS413',6);
INSERT INTO cc_clone VALUES ('HS413',6);
INSERT INTO cc VALUES ('HS414',6);
INSERT INTO cc_temp VALUES ('HS414',6);
INSERT INTO cc_clone VALUES ('HS414',6);
INSERT INTO cc VALUES ('HS415',6);
INSERT INTO cc_temp VALUES ('HS415',6);
INSERT INTO cc_clone VALUES ('HS415',6);
INSERT INTO cc VALUES ('HS420',6);
INSERT INTO cc_temp VALUES ('HS420',6);
INSERT INTO cc_clone VALUES ('HS420',6);
INSERT INTO cc VALUES ('HS421',6);
INSERT INTO cc_temp VALUES ('HS421',6);
INSERT INTO cc_clone VALUES ('HS421',6);
INSERT INTO cc VALUES ('HS422',6);
INSERT INTO cc_temp VALUES ('HS422',6);
INSERT INTO cc_clone VALUES ('HS422',6);
INSERT INTO cc VALUES ('HS424',6);
INSERT INTO cc_temp VALUES ('HS424',6);
INSERT INTO cc_clone VALUES ('HS424',6);
INSERT INTO cc VALUES ('HS425',6);
INSERT INTO cc_temp VALUES ('HS425',6);
INSERT INTO cc_clone VALUES ('HS425',6);
INSERT INTO cc VALUES ('HS502',6);
INSERT INTO cc_temp VALUES ('HS502',6);
INSERT INTO cc_clone VALUES ('HS502',6);
INSERT INTO cc VALUES ('HS503',6);
INSERT INTO cc_temp VALUES ('HS503',6);
INSERT INTO cc_clone VALUES ('HS503',6);
INSERT INTO cc VALUES ('HS505',6);
INSERT INTO cc_temp VALUES ('HS505',6);
INSERT INTO cc_clone VALUES ('HS505',6);
INSERT INTO cc VALUES ('HS512',6);
INSERT INTO cc_temp VALUES ('HS512',6);
INSERT INTO cc_clone VALUES ('HS512',6);
INSERT INTO cc VALUES ('HS517',6);
INSERT INTO cc_temp VALUES ('HS517',6);
INSERT INTO cc_clone VALUES ('HS517',6);
INSERT INTO cc VALUES ('HS604',6);
INSERT INTO cc_temp VALUES ('HS604',6);
INSERT INTO cc_clone VALUES ('HS604',6);
INSERT INTO cc VALUES ('HS621',6);
INSERT INTO cc_temp VALUES ('HS621',6);
INSERT INTO cc_clone VALUES ('HS621',6);
INSERT INTO cc VALUES ('HS622',6);
INSERT INTO cc_temp VALUES ('HS622',6);
INSERT INTO cc_clone VALUES ('HS622',6);
INSERT INTO cc VALUES ('HS623',6);
INSERT INTO cc_temp VALUES ('HS623',6);
INSERT INTO cc_clone VALUES ('HS623',6);
INSERT INTO cc VALUES ('HS699',6);
INSERT INTO cc_temp VALUES ('HS699',6);
INSERT INTO cc_clone VALUES ('HS699',6);
INSERT INTO cc VALUES ('HS702',6);
INSERT INTO cc_temp VALUES ('HS702',6);
INSERT INTO cc_clone VALUES ('HS702',6);
INSERT INTO cc VALUES ('HS704',6);
INSERT INTO cc_temp VALUES ('HS704',6);
INSERT INTO cc_clone VALUES ('HS704',6);
INSERT INTO cc VALUES ('HS706',6);
INSERT INTO cc_temp VALUES ('HS706',6);
INSERT INTO cc_clone VALUES ('HS706',6);
INSERT INTO cc VALUES ('HS707',6);
INSERT INTO cc_temp VALUES ('HS707',6);
INSERT INTO cc_clone VALUES ('HS707',6);
INSERT INTO cc VALUES ('HS717',6);
INSERT INTO cc_temp VALUES ('HS717',6);
INSERT INTO cc_clone VALUES ('HS717',6);
INSERT INTO cc VALUES ('HS719',6);
INSERT INTO cc_temp VALUES ('HS719',6);
INSERT INTO cc_clone VALUES ('HS719',6);
INSERT INTO cc VALUES ('HS720',6);
INSERT INTO cc_temp VALUES ('HS720',6);
INSERT INTO cc_clone VALUES ('HS720',6);
INSERT INTO cc VALUES ('HS731',6);
INSERT INTO cc_temp VALUES ('HS731',6);
INSERT INTO cc_clone VALUES ('HS731',6);
INSERT INTO cc VALUES ('HS732',6);
INSERT INTO cc_temp VALUES ('HS732',6);
INSERT INTO cc_clone VALUES ('HS732',6);
INSERT INTO cc VALUES ('HS755',6);
INSERT INTO cc_temp VALUES ('HS755',6);
INSERT INTO cc_clone VALUES ('HS755',6);
INSERT INTO cc VALUES ('HS763',6);
INSERT INTO cc_temp VALUES ('HS763',6);
INSERT INTO cc_clone VALUES ('HS763',6);
INSERT INTO cc VALUES ('HS770',6);
INSERT INTO cc_temp VALUES ('HS770',6);
INSERT INTO cc_clone VALUES ('HS770',6);
INSERT INTO cc VALUES ('HS771',6);
INSERT INTO cc_temp VALUES ('HS771',6);
INSERT INTO cc_clone VALUES ('HS771',6);
INSERT INTO cc VALUES ('HS772',6);
INSERT INTO cc_temp VALUES ('HS772',6);
INSERT INTO cc_clone VALUES ('HS772',6);
INSERT INTO cc VALUES ('MA102',8);
INSERT INTO cc_temp VALUES ('MA102',8);
INSERT INTO cc_clone VALUES ('MA102',8);
INSERT INTO cc VALUES ('MA212M',6);
INSERT INTO cc_temp VALUES ('MA212M',6);
INSERT INTO cc_clone VALUES ('MA212M',6);
INSERT INTO cc VALUES ('MA224',6);
INSERT INTO cc_temp VALUES ('MA224',6);
INSERT INTO cc_clone VALUES ('MA224',6);
INSERT INTO cc VALUES ('MA226',4);
INSERT INTO cc_temp VALUES ('MA226',4);
INSERT INTO cc_clone VALUES ('MA226',4);
INSERT INTO cc VALUES ('MA252',6);
INSERT INTO cc_temp VALUES ('MA252',6);
INSERT INTO cc_clone VALUES ('MA252',6);
INSERT INTO cc VALUES ('MA253',4);
INSERT INTO cc_temp VALUES ('MA253',4);
INSERT INTO cc_clone VALUES ('MA253',4);
INSERT INTO cc VALUES ('MA271',6);
INSERT INTO cc_temp VALUES ('MA271',6);
INSERT INTO cc_clone VALUES ('MA271',6);
INSERT INTO cc VALUES ('MA312M',6);
INSERT INTO cc_temp VALUES ('MA312M',6);
INSERT INTO cc_clone VALUES ('MA312M',6);
INSERT INTO cc VALUES ('MA321',6);
INSERT INTO cc_temp VALUES ('MA321',6);
INSERT INTO cc_clone VALUES ('MA321',6);
INSERT INTO cc VALUES ('MA351',6);
INSERT INTO cc_temp VALUES ('MA351',6);
INSERT INTO cc_clone VALUES ('MA351',6);
INSERT INTO cc VALUES ('MA373',6);
INSERT INTO cc_temp VALUES ('MA373',6);
INSERT INTO cc_clone VALUES ('MA373',6);
INSERT INTO cc VALUES ('MA374',3);
INSERT INTO cc_temp VALUES ('MA374',3);
INSERT INTO cc_clone VALUES ('MA374',3);
INSERT INTO cc VALUES ('MA473',8);
INSERT INTO cc_temp VALUES ('MA473',8);
INSERT INTO cc_clone VALUES ('MA473',8);
INSERT INTO cc VALUES ('MA477',6);
INSERT INTO cc_temp VALUES ('MA477',6);
INSERT INTO cc_clone VALUES ('MA477',6);
INSERT INTO cc VALUES ('MA499',6);
INSERT INTO cc_temp VALUES ('MA499',6);
INSERT INTO cc_clone VALUES ('MA499',6);
INSERT INTO cc VALUES ('MA502',6);
INSERT INTO cc_temp VALUES ('MA502',6);
INSERT INTO cc_clone VALUES ('MA502',6);
INSERT INTO cc VALUES ('MA505',6);
INSERT INTO cc_temp VALUES ('MA505',6);
INSERT INTO cc_clone VALUES ('MA505',6);
INSERT INTO cc VALUES ('MA512',6);
INSERT INTO cc_temp VALUES ('MA512',6);
INSERT INTO cc_clone VALUES ('MA512',6);
INSERT INTO cc VALUES ('MA513',6);
INSERT INTO cc_temp VALUES ('MA513',6);
INSERT INTO cc_clone VALUES ('MA513',6);
INSERT INTO cc VALUES ('MA519',6);
INSERT INTO cc_temp VALUES ('MA519',6);
INSERT INTO cc_clone VALUES ('MA519',6);
INSERT INTO cc VALUES ('MA542',6);
INSERT INTO cc_temp VALUES ('MA542',6);
INSERT INTO cc_clone VALUES ('MA542',6);
INSERT INTO cc VALUES ('MA547',6);
INSERT INTO cc_temp VALUES ('MA547',6);
INSERT INTO cc_clone VALUES ('MA547',6);
INSERT INTO cc VALUES ('MA561',6);
INSERT INTO cc_temp VALUES ('MA561',6);
INSERT INTO cc_clone VALUES ('MA561',6);
INSERT INTO cc VALUES ('MA571',6);
INSERT INTO cc_temp VALUES ('MA571',6);
INSERT INTO cc_clone VALUES ('MA571',6);
INSERT INTO cc VALUES ('MA573',6);
INSERT INTO cc_temp VALUES ('MA573',6);
INSERT INTO cc_clone VALUES ('MA573',6);
INSERT INTO cc VALUES ('MA590',6);
INSERT INTO cc_temp VALUES ('MA590',6);
INSERT INTO cc_clone VALUES ('MA590',6);
INSERT INTO cc VALUES ('MA591',6);
INSERT INTO cc_temp VALUES ('MA591',6);
INSERT INTO cc_clone VALUES ('MA591',6);
INSERT INTO cc VALUES ('MA616',6);
INSERT INTO cc_temp VALUES ('MA616',6);
INSERT INTO cc_clone VALUES ('MA616',6);
INSERT INTO cc VALUES ('MA622',6);
INSERT INTO cc_temp VALUES ('MA622',6);
INSERT INTO cc_clone VALUES ('MA622',6);
INSERT INTO cc VALUES ('MA625',6);
INSERT INTO cc_temp VALUES ('MA625',6);
INSERT INTO cc_clone VALUES ('MA625',6);
INSERT INTO cc VALUES ('MA641',6);
INSERT INTO cc_temp VALUES ('MA641',6);
INSERT INTO cc_clone VALUES ('MA641',6);
INSERT INTO cc VALUES ('MA642',6);
INSERT INTO cc_temp VALUES ('MA642',6);
INSERT INTO cc_clone VALUES ('MA642',6);
INSERT INTO cc VALUES ('MA643',6);
INSERT INTO cc_temp VALUES ('MA643',6);
INSERT INTO cc_clone VALUES ('MA643',6);
INSERT INTO cc VALUES ('MA644',6);
INSERT INTO cc_temp VALUES ('MA644',6);
INSERT INTO cc_clone VALUES ('MA644',6);
INSERT INTO cc VALUES ('MA662',6);
INSERT INTO cc_temp VALUES ('MA662',6);
INSERT INTO cc_clone VALUES ('MA662',6);
INSERT INTO cc VALUES ('MA671',6);
INSERT INTO cc_temp VALUES ('MA671',6);
INSERT INTO cc_clone VALUES ('MA671',6);
INSERT INTO cc VALUES ('MA685',6);
INSERT INTO cc_temp VALUES ('MA685',6);
INSERT INTO cc_clone VALUES ('MA685',6);
INSERT INTO cc VALUES ('MA691',6);
INSERT INTO cc_temp VALUES ('MA691',6);
INSERT INTO cc_clone VALUES ('MA691',6);
INSERT INTO cc VALUES ('MA699',6);
INSERT INTO cc_temp VALUES ('MA699',6);
INSERT INTO cc_clone VALUES ('MA699',6);
INSERT INTO cc VALUES ('MA746',6);
INSERT INTO cc_temp VALUES ('MA746',6);
INSERT INTO cc_clone VALUES ('MA746',6);
INSERT INTO cc VALUES ('MA762',6);
INSERT INTO cc_temp VALUES ('MA762',6);
INSERT INTO cc_clone VALUES ('MA762',6);
INSERT INTO cc VALUES ('ME101',8);
INSERT INTO cc_temp VALUES ('ME101',8);
INSERT INTO cc_clone VALUES ('ME101',8);
INSERT INTO cc VALUES ('ME110',3);
INSERT INTO cc_temp VALUES ('ME110',3);
INSERT INTO cc_clone VALUES ('ME110',3);
INSERT INTO cc VALUES ('ME221',6);
INSERT INTO cc_temp VALUES ('ME221',6);
INSERT INTO cc_clone VALUES ('ME221',6);
INSERT INTO cc VALUES ('ME222',6);
INSERT INTO cc_temp VALUES ('ME222',6);
INSERT INTO cc_clone VALUES ('ME222',6);
INSERT INTO cc VALUES ('ME223',6);
INSERT INTO cc_temp VALUES ('ME223',6);
INSERT INTO cc_clone VALUES ('ME223',6);
INSERT INTO cc VALUES ('ME224',6);
INSERT INTO cc_temp VALUES ('ME224',6);
INSERT INTO cc_clone VALUES ('ME224',6);
INSERT INTO cc VALUES ('ME225',6);
INSERT INTO cc_temp VALUES ('ME225',6);
INSERT INTO cc_clone VALUES ('ME225',6);
INSERT INTO cc VALUES ('ME226',3);
INSERT INTO cc_temp VALUES ('ME226',3);
INSERT INTO cc_clone VALUES ('ME226',3);
INSERT INTO cc VALUES ('ME321',6);
INSERT INTO cc_temp VALUES ('ME321',6);
INSERT INTO cc_clone VALUES ('ME321',6);
INSERT INTO cc VALUES ('ME321M',6);
INSERT INTO cc_temp VALUES ('ME321M',6);
INSERT INTO cc_clone VALUES ('ME321M',6);
INSERT INTO cc VALUES ('ME322',6);
INSERT INTO cc_temp VALUES ('ME322',6);
INSERT INTO cc_clone VALUES ('ME322',6);
INSERT INTO cc VALUES ('ME323',6);
INSERT INTO cc_temp VALUES ('ME323',6);
INSERT INTO cc_clone VALUES ('ME323',6);
INSERT INTO cc VALUES ('ME324',8);
INSERT INTO cc_temp VALUES ('ME324',8);
INSERT INTO cc_clone VALUES ('ME324',8);
INSERT INTO cc VALUES ('ME325',6);
INSERT INTO cc_temp VALUES ('ME325',6);
INSERT INTO cc_clone VALUES ('ME325',6);
INSERT INTO cc VALUES ('ME326',3);
INSERT INTO cc_temp VALUES ('ME326',3);
INSERT INTO cc_clone VALUES ('ME326',3);
INSERT INTO cc VALUES ('ME412',3);
INSERT INTO cc_temp VALUES ('ME412',3);
INSERT INTO cc_clone VALUES ('ME412',3);
INSERT INTO cc VALUES ('ME421',6);
INSERT INTO cc_temp VALUES ('ME421',6);
INSERT INTO cc_clone VALUES ('ME421',6);
INSERT INTO cc VALUES ('ME499',6);
INSERT INTO cc_temp VALUES ('ME499',6);
INSERT INTO cc_clone VALUES ('ME499',6);
INSERT INTO cc VALUES ('ME513',6);
INSERT INTO cc_temp VALUES ('ME513',6);
INSERT INTO cc_clone VALUES ('ME513',6);
INSERT INTO cc VALUES ('ME514',6);
INSERT INTO cc_temp VALUES ('ME514',6);
INSERT INTO cc_clone VALUES ('ME514',6);
INSERT INTO cc VALUES ('ME522',6);
INSERT INTO cc_temp VALUES ('ME522',6);
INSERT INTO cc_clone VALUES ('ME522',6);
INSERT INTO cc VALUES ('ME532',6);
INSERT INTO cc_temp VALUES ('ME532',6);
INSERT INTO cc_clone VALUES ('ME532',6);
INSERT INTO cc VALUES ('ME544',6);
INSERT INTO cc_temp VALUES ('ME544',6);
INSERT INTO cc_clone VALUES ('ME544',6);
INSERT INTO cc VALUES ('ME553',6);
INSERT INTO cc_temp VALUES ('ME553',6);
INSERT INTO cc_clone VALUES ('ME553',6);
INSERT INTO cc VALUES ('ME554',6);
INSERT INTO cc_temp VALUES ('ME554',6);
INSERT INTO cc_clone VALUES ('ME554',6);
INSERT INTO cc VALUES ('ME605',6);
INSERT INTO cc_temp VALUES ('ME605',6);
INSERT INTO cc_clone VALUES ('ME605',6);
INSERT INTO cc VALUES ('ME607',6);
INSERT INTO cc_temp VALUES ('ME607',6);
INSERT INTO cc_clone VALUES ('ME607',6);
INSERT INTO cc VALUES ('ME609',6);
INSERT INTO cc_temp VALUES ('ME609',6);
INSERT INTO cc_clone VALUES ('ME609',6);
INSERT INTO cc VALUES ('ME613',6);
INSERT INTO cc_temp VALUES ('ME613',6);
INSERT INTO cc_clone VALUES ('ME613',6);
INSERT INTO cc VALUES ('ME615',6);
INSERT INTO cc_temp VALUES ('ME615',6);
INSERT INTO cc_clone VALUES ('ME615',6);
INSERT INTO cc VALUES ('ME616',6);
INSERT INTO cc_temp VALUES ('ME616',6);
INSERT INTO cc_clone VALUES ('ME616',6);
INSERT INTO cc VALUES ('ME618',6);
INSERT INTO cc_temp VALUES ('ME618',6);
INSERT INTO cc_clone VALUES ('ME618',6);
INSERT INTO cc VALUES ('ME619',6);
INSERT INTO cc_temp VALUES ('ME619',6);
INSERT INTO cc_clone VALUES ('ME619',6);
INSERT INTO cc VALUES ('ME662',6);
INSERT INTO cc_temp VALUES ('ME662',6);
INSERT INTO cc_clone VALUES ('ME662',6);
INSERT INTO cc VALUES ('ME665',6);
INSERT INTO cc_temp VALUES ('ME665',6);
INSERT INTO cc_clone VALUES ('ME665',6);
INSERT INTO cc VALUES ('ME670',6);
INSERT INTO cc_temp VALUES ('ME670',6);
INSERT INTO cc_clone VALUES ('ME670',6);
INSERT INTO cc VALUES ('ME672',6);
INSERT INTO cc_temp VALUES ('ME672',6);
INSERT INTO cc_clone VALUES ('ME672',6);
INSERT INTO cc VALUES ('ME680',6);
INSERT INTO cc_temp VALUES ('ME680',6);
INSERT INTO cc_clone VALUES ('ME680',6);
INSERT INTO cc VALUES ('ME686',6);
INSERT INTO cc_temp VALUES ('ME686',6);
INSERT INTO cc_clone VALUES ('ME686',6);
INSERT INTO cc VALUES ('ME688',6);
INSERT INTO cc_temp VALUES ('ME688',6);
INSERT INTO cc_clone VALUES ('ME688',6);
INSERT INTO cc VALUES ('ME690',6);
INSERT INTO cc_temp VALUES ('ME690',6);
INSERT INTO cc_clone VALUES ('ME690',6);
INSERT INTO cc VALUES ('ME691',6);
INSERT INTO cc_temp VALUES ('ME691',6);
INSERT INTO cc_clone VALUES ('ME691',6);
INSERT INTO cc VALUES ('ME695',6);
INSERT INTO cc_temp VALUES ('ME695',6);
INSERT INTO cc_clone VALUES ('ME695',6);
INSERT INTO cc VALUES ('ME699',6);
INSERT INTO cc_temp VALUES ('ME699',6);
INSERT INTO cc_clone VALUES ('ME699',6);
INSERT INTO cc VALUES ('PH102',6);
INSERT INTO cc_temp VALUES ('PH102',6);
INSERT INTO cc_clone VALUES ('PH102',6);
INSERT INTO cc VALUES ('PH110',3);
INSERT INTO cc_temp VALUES ('PH110',3);
INSERT INTO cc_clone VALUES ('PH110',3);
INSERT INTO cc VALUES ('PH202',8);
INSERT INTO cc_temp VALUES ('PH202',8);
INSERT INTO cc_clone VALUES ('PH202',8);
INSERT INTO cc VALUES ('PH204',8);
INSERT INTO cc_temp VALUES ('PH204',8);
INSERT INTO cc_clone VALUES ('PH204',8);
INSERT INTO cc VALUES ('PH206',6);
INSERT INTO cc_temp VALUES ('PH206',6);
INSERT INTO cc_clone VALUES ('PH206',6);
INSERT INTO cc VALUES ('PH210',4);
INSERT INTO cc_temp VALUES ('PH210',4);
INSERT INTO cc_clone VALUES ('PH210',4);
INSERT INTO cc VALUES ('PH302',6);
INSERT INTO cc_temp VALUES ('PH302',6);
INSERT INTO cc_clone VALUES ('PH302',6);
INSERT INTO cc VALUES ('PH304',6);
INSERT INTO cc_temp VALUES ('PH304',6);
INSERT INTO cc_clone VALUES ('PH304',6);
INSERT INTO cc VALUES ('PH306',6);
INSERT INTO cc_temp VALUES ('PH306',6);
INSERT INTO cc_clone VALUES ('PH306',6);
INSERT INTO cc VALUES ('PH308',6);
INSERT INTO cc_temp VALUES ('PH308',6);
INSERT INTO cc_clone VALUES ('PH308',6);
INSERT INTO cc VALUES ('PH320',6);
INSERT INTO cc_temp VALUES ('PH320',6);
INSERT INTO cc_clone VALUES ('PH320',6);
INSERT INTO cc VALUES ('PH382M',6);
INSERT INTO cc_temp VALUES ('PH382M',6);
INSERT INTO cc_clone VALUES ('PH382M',6);
INSERT INTO cc VALUES ('PH402',6);
INSERT INTO cc_temp VALUES ('PH402',6);
INSERT INTO cc_clone VALUES ('PH402',6);
INSERT INTO cc VALUES ('PH404',6);
INSERT INTO cc_temp VALUES ('PH404',6);
INSERT INTO cc_clone VALUES ('PH404',6);
INSERT INTO cc VALUES ('PH406',6);
INSERT INTO cc_temp VALUES ('PH406',6);
INSERT INTO cc_clone VALUES ('PH406',6);
INSERT INTO cc VALUES ('PH408',6);
INSERT INTO cc_temp VALUES ('PH408',6);
INSERT INTO cc_clone VALUES ('PH408',6);
INSERT INTO cc VALUES ('PH410',6);
INSERT INTO cc_temp VALUES ('PH410',6);
INSERT INTO cc_clone VALUES ('PH410',6);
INSERT INTO cc VALUES ('PH412',6);
INSERT INTO cc_temp VALUES ('PH412',6);
INSERT INTO cc_clone VALUES ('PH412',6);
INSERT INTO cc VALUES ('PH414',6);
INSERT INTO cc_temp VALUES ('PH414',6);
INSERT INTO cc_clone VALUES ('PH414',6);
INSERT INTO cc VALUES ('PH443',6);
INSERT INTO cc_temp VALUES ('PH443',6);
INSERT INTO cc_clone VALUES ('PH443',6);
INSERT INTO cc VALUES ('PH446',6);
INSERT INTO cc_temp VALUES ('PH446',6);
INSERT INTO cc_clone VALUES ('PH446',6);
INSERT INTO cc VALUES ('PH462',6);
INSERT INTO cc_temp VALUES ('PH462',6);
INSERT INTO cc_clone VALUES ('PH462',6);
INSERT INTO cc VALUES ('PH499',6);
INSERT INTO cc_temp VALUES ('PH499',6);
INSERT INTO cc_clone VALUES ('PH499',6);
INSERT INTO cc VALUES ('PH516',6);
INSERT INTO cc_temp VALUES ('PH516',6);
INSERT INTO cc_clone VALUES ('PH516',6);
INSERT INTO cc VALUES ('PH518',6);
INSERT INTO cc_temp VALUES ('PH518',6);
INSERT INTO cc_clone VALUES ('PH518',6);
INSERT INTO cc VALUES ('PH521',6);
INSERT INTO cc_temp VALUES ('PH521',6);
INSERT INTO cc_clone VALUES ('PH521',6);
INSERT INTO cc VALUES ('PH523',6);
INSERT INTO cc_temp VALUES ('PH523',6);
INSERT INTO cc_clone VALUES ('PH523',6);
INSERT INTO cc VALUES ('PH524',6);
INSERT INTO cc_temp VALUES ('PH524',6);
INSERT INTO cc_clone VALUES ('PH524',6);
INSERT INTO cc VALUES ('PH527',6);
INSERT INTO cc_temp VALUES ('PH527',6);
INSERT INTO cc_clone VALUES ('PH527',6);
INSERT INTO cc VALUES ('PH531',6);
INSERT INTO cc_temp VALUES ('PH531',6);
INSERT INTO cc_clone VALUES ('PH531',6);
INSERT INTO cc VALUES ('PH532',6);
INSERT INTO cc_temp VALUES ('PH532',6);
INSERT INTO cc_clone VALUES ('PH532',6);
INSERT INTO cc VALUES ('PH543',6);
INSERT INTO cc_temp VALUES ('PH543',6);
INSERT INTO cc_clone VALUES ('PH543',6);
INSERT INTO cc VALUES ('PH544',6);
INSERT INTO cc_temp VALUES ('PH544',6);
INSERT INTO cc_clone VALUES ('PH544',6);
INSERT INTO cc VALUES ('PH545',6);
INSERT INTO cc_temp VALUES ('PH545',6);
INSERT INTO cc_clone VALUES ('PH545',6);
INSERT INTO cc VALUES ('PH702',6);
INSERT INTO cc_temp VALUES ('PH702',6);
INSERT INTO cc_clone VALUES ('PH702',6);
INSERT INTO cc VALUES ('PH703',6);
INSERT INTO cc_temp VALUES ('PH703',6);
INSERT INTO cc_clone VALUES ('PH703',6);
INSERT INTO cc VALUES ('PH704',6);
INSERT INTO cc_temp VALUES ('PH704',6);
INSERT INTO cc_clone VALUES ('PH704',6);
INSERT INTO cc VALUES ('PH706',6);
INSERT INTO cc_temp VALUES ('PH706',6);
INSERT INTO cc_clone VALUES ('PH706',6);
