1,140106001,ABHISEK MISHRA,abhisek.mishra
2,140106002,ABHISHEK AJAY,abhishek.ajay
3,140106004,AJEET KUMAR,ajeet.2014
4,140106006,ANAND SHARMA,anand.sharma
5,140106007,ANKITA ANSHU,a.ankita
6,140106009,ANUSUA SARKAR,anusua
7,140106010,APOORV BAJPAI,apoorv.bajpai
8,140106011,APOORVA MANURAJ,m.apoorva
9,140106013,ARROJWALA MANU TEJ SHARMA,arrojwala
10,140106015,ASHUTOSH GUPTA,ashutosh.gupta
11,140106018,BALLA VAMSHI KRISHNA,balla.krishna
12,140106019,BELEKAR YASH ASHOKKUMAR,belekar.ashokkumar
13,140106020,DASARI SIVA PRASAD,dasari.prasad
14,140106021,DEEPANSH MATHUR,deepansh
15,140106022,DEEPJOY DEBBARMA,deepjoy.debbarma
16,140106023,G KARTHIK VARMA,kartik.varma
17,140106024,GAURAV GANGWAR,g.gangwar
18,140106025,GYAN WAIBHAW,w.gyan
19,140106026,HENA KASAWATIA,k.hena
20,140106027,JAI PRAKASH,jai.prakash
21,140106028,JIBRAN JAVED KOUL,jibran
22,140106031,KAMAL KUMAR,kamal.kumar
23,140106034,LIMAYE ROHAN SAMIR,limaye
24,140106035,M SAI KRISHNA BHARADWAJ,m.bharadwaj
25,140106038,MD SHAHNAWAZ ALAM,shahnawaz.alam
26,140106041,PRACHI TOSNIWAL,t.prachi
27,140106042,RAJEEV KUMAR,rajeev.kumar
28,140106043,RAJESH KUMAR,rajesh.2014
29,140106045,RIGZIN DOLKER,rigzin
30,140106046,SAMANT AMEY YOGESH,samant.yogesh
31,140106047,SHINDE SHRIKANT SHRIHARI,shinde.shrihari
32,140106048,SIDDHARTHA SHARMA,siddhartha.2014
33,140106049,SIMRAN GUPTA,simran
34,140106050,SMRITI PRIYA,smriti.priya
35,140106052,SUPARNA SIKDAR,suparna.sikdar
36,140106054,VISWAVARAPU RAVI TEJA,viswavarapu.teja
