1,130205037,SRIJAN SHAILENDRA,srijan.shailendra
2,140205001,ABHILASH SINGH,abhilash.singh
3,140205002,AKHIL PATEL,p.akhil
4,140205003,AKRITI KAUR,akriti.kaur
5,140205004,ANAND VIJAY JEE,anand.jee
6,140205005,CHARU SONI,charu.soni
7,140205006,CHHAVI GOPAL SHRIVASTAVA,s.chhavi
8,140205007,DEEPAK DALAL,deepak.dalal
9,140205008,DHRUV KOHLI,d.kohli
10,140205009,DIPANKAR RABHA,r.dipankar
11,140205011,INDUKURI MAHENDRA CHAITANYA VARMA,indukuri.varma
12,140205012,ISHA AGARWAL,isha.agarwal
13,140205013,KARAN KISHORE,karan.kishore
14,140205014,KARTIK KATARIA,k.kataria
15,140205015,KIRAN KUMAR NATEKAR,k.natekar
16,140205016,KOTTA SURAJ,kotta.suraj
17,140205017,KRISHANPAL SINGH,krishanpal
18,140205018,MALLA PRASANTH,m.prasanth
19,140205019,MANAS SHARMA,manas.sharma
20,140205020,MAYANK SHUBHANKAR,m.shubhankar
21,140205021,MEHUL CHAUDHARY,c.mehul
22,140205022,MOHITE SANGRAMSINH RAJENDRA,mohite.rajendra
23,140205024,N B MUKESH,n.mukesh
24,140205026,PANDIRI SRUJAN KUMAR,pandiri
25,140205027,PINGAL KAKATI,p.kakati
26,140205028,PRANAV KHARE,p.khare
27,140205029,PRASHANTH VANAM,p.vanam
28,140205030,PRIYANK AGARWAL,a.priyank
29,140205031,RAJAT GAUTAM,rajat.gautam
30,140205032,RATHOD NIKUNJ ABHAY,a.rathod
31,140205033,RAYANI PRUDHVI RAJESH KUMAR,rayani.kumar
32,140205034,S ADARSH RAO,adarsh.rao
33,140205035,SAJIYA CHAUDHARY,sajiya
34,140205036,SAVALIA ZANKAR,savalia
35,140205037,SHIVAM GOYAL,g.shivam
36,140205038,SHUBHANGI GUPTA,g.shubhangi
37,140205039,SHUBHANK PAWAR,shubhank
38,140205040,VAIBHAV GUPTA,vaibhav.gupta
39,140205042,VEGIREDDI PRADEEP KUMAR,vegireddi
40,140205043,VINJAM VINAY,vinjam
41,140205044,YASHVARDHAN SINGH CHAUHAN,yashvardhan
42,140205046,SANJEET,s.sanjeet
