1,120107060,SOMKUWAR SOURABH RAMCHANDRA,somkuwar
2,130107012,CHIRAG BENIWAL,c.beniwal
3,130107034,NAMRATA DAS,n.das
4,130107069,VIVEK REGMI,v.regmi
5,140107025,DURLOV JYOTI PEGU,durlov.pegu
6,150107001,AABHAS KARNAWAT,a.karnawat
7,150107002,ABHISHEK TOMAR,abhishek.tomar
8,150107003,ADARSH K SIVARAM,adarsh.sivaram
9,150107004,AKASH SHANKER,akash.shanker
10,150107005,AMAN TIWARI,aman.tiwari
11,150107006,ANANT VAISHNAV,a.vaishnav
12,150107008,ANUJA SAINI,anuja
13,150107010,AROOSHI BAJAJ,arooshi
14,150107011,ASHISH AGRAWAL,ashish.agrawal
15,150107012,AYUSH PALLAV,p.ayush
16,150107013,AYUSH RAJ,ayush.raj
17,150107014,BHASHKARJYOTI DAS,bhashkarjyoti
18,150107015,CHALUMURI GIRISH,chalumuri
19,150107016,DEBASMITA HALDER,h.debasmita
20,150107017,DEEPAK KAMAN,d.kaman
21,150107018,DEEPANKAR DEORI BHARALI,b.deepankar
22,150107019,DEVADITYA MOHANTY,devaditya
23,150107020,DEVANSHU NEMA,n.devanshu
24,150107021,GANDHE YASH RAJESH,r.gandhe
25,150107022,GOPAL KUMAR,gopal.kumar
26,150107023,HIRAKJYOTI SARMA,hirakjyoti
27,150107024,KAMAT RUJUTA PRAKASH,kamat.prakash
28,150107025,KARAN RAMCHIARY,karan.ramchiary
29,150107026,KARANI DHRUVIL DHIREN,karani
30,150107027,KONATHALA Y S V SAI ASHOK,konathala
31,150107028,KUMAR INDRAMANI,k.indramani
32,150107030,KUNAL,kunal.2015
33,150107031,LUCKY KUMAR,lucky.2015
34,150107032,MEET SHAH,meet.shah
35,150107034,MIHIR KUMAR MECH,mihir.mech
36,150107035,MOHIT SACHAN,mohit.sachan
37,150107036,NARAYAN DEWANGAN,n.dewangan
38,150107037,NEHA NARANIYA,neha.naraniya
39,150107038,NIHARIKA SISHTLA,s.niharika
40,150107039,PALLAPOLU ADITYA BABU,pallapolu
41,150107040,PIYUSH JADHAO,p.jadhao
42,150107041,PRANAY PRATAP,p.pranay
43,150107044,PURVA KOTHARI,p.kothari
44,150107045,RAHUL DAYMA,r.dayma
45,150107046,RAJU REGAR,r.regar
46,150107047,RANCHAL PRAKASH P,ranchal
47,150107048,ROHAN RAJ,rohan.raj
48,150107050,SAHIL CHATURVEDI,c.sahil
49,150107051,SARATH CHANDRA NERIYANURI,n.sarath
50,150107053,SAURABH KUMAR,saurabh.kumar
51,150107054,SHIV KUMAR,shiv.kumar
52,150107055,SHOBHIT B TAYAL,t.shobhit
53,150107056,SHUBHAM KUMAR,k.shubham
54,150107057,SHUBHAM SINGH DHAPOLA,s.dhapola
55,150107058,SIDDHARTH AGARWAL,siddharth.agarwal
56,150107059,THAKUR SHUBHAM YOGRAJ,thakur.yograj
57,150107060,TUSHAR GANGWAR,t.gangwar
58,150107061,UTPAL SAIKIA,utpal.saikia
59,150107063,VEDANT RATHORE,vedant.rathore
60,150107064,VENKATESH S G,venkatesh.g
61,150107065,VIKASH KUMAR GUPTA,vikash.gupta
62,150107066,VINAY HANUMANT KOPNAR,vinay.kopnar
63,150107067,VISHAL SINGH,vishal.2015
64,150107068,VISHAP KUMAR,vishap
