1,174107001,VAIBHAV SONI,soni174107001
2,174107005,ADHWARSHU BHATTACHARYYA,bhatt174107005
3,174107010,KOKKILIGADDA RAMU,ramu174107010
4,174107014,VIKASH KUMAR YADAV,kumar174107014
5,174107015,RAVI PATIDAR,ravi174107015
6,174107016,JYOTI RANI,jyoti174107016
7,174107018,RAMACHANDRA RAO GOGULA,ramac174107018
8,174107019,CHANDARANA TARANG JAYESHBHAI,taran174107019
9,174107022,MANISH RAJPUT,manis174107022
10,174107026,SATANAND PRASAD,satan174107026
11,174107027,BHUPATHI HARISH KUMAR,haris174107027
12,174107029,SUBHRADIP GHOSH,ghosh174107029
13,174107030,ANIL KUMAR,kumar174107030
14,174107031,KULDEEP SINGH,singh174107031
15,174107032,BONDA HAMENDRA PRADEEP KUMAR,hamen174107032
16,174107033,MARUNGSHA SWRANG BRAHMA,marun174107033
17,174107034,RAHUL SINGH,rahul174107034
18,174107035,MANDEEP SINGH,mande174107035
19,174107037,PANKAJ KUMAR,panka174107037
20,174107040,VENKATA SANTHOSH RAJU VYSYARAJU,raju174107040
21,174107041,ANURAG GUHA,guha174107041
22,174107042,VICTOR KUMAR SHARMA,kumar174107042
23,174107043,HIMANSHU RATURI,himan174107043
24,174107044,VARANASI VENKATA RADHA SAI BHAVANA,varan174107044
25,174107045,NIPU KUMAR DAS,nipu174107045
26,174107046,SALMA KHATOON,salma174107046
27,174107047,AMAN KUMAR,aman174107047
28,174107048,ABHISHEK SINGH,abhis174107048
29,174107049,NAGENDRAPRASAD GUNOLLA,nagen174107049
30,174107050,VENU GOPALA KUMARI SATTI,venu174107050
31,174107051,SOUMAVO GHOSH,ghosh174107051
32,174107052,ASHVINI KUMAR UPADHYAY,ashvi174107052
33,174107053,CHANDRA BHAN,bhan174107053
34,174107054,AVITI KATARE,aviti174107054
35,174107055,MONIKA RAGHUWANSHI,monik174107055
36,174107056,KAMAKHYA DEVI,kamak174107056
37,174107057,ADITYA KONERU,adity174107057
38,174107058,PARDEEP ,parde174107058
