1,150101001,ABHAY KUMAR,abhay.2015
2,150101002,ABHISHEK GOYAL,abhgoyal
3,150101003,ABHISHEK KUMAR,abhk.cse
4,150101004,ABOTHULA RAKESH,abothula
5,150101005,AMAN AGARWAL,aman.agarwal
6,150101006,ANIRUDH SHARMA,anirudh.sharma
7,150101007,ANKIT PRAJAPATI,ankit.prajapati
8,150101008,ANKIT VYAS,ankit.vyas
9,150101009,ANUP AGARWAL,anup.agarwal
10,150101010,ANURAG RAMTEKE,anurag.ramteke
11,150101011,ASHUTOSH KUMAR,ashutosh.km
12,150101012,AYUSH JAIN,ayushjain.cse
13,150101013,AYUSH SINGH,ayush.singh
14,150101014,AYUSH SONI,ayush.soni
15,150101015,BHAVYA BANSAL,b.bhavya
16,150101016,BHOLA SHANKAR RATHIA,r.bhola
17,150101017,BISHWENDRA CHOUDHARY,bishwendra
18,150101018,BOPPANA AKHILESH,b.akhilesh
19,150101019,CHINMOY JYOTI KATHAR,c.kathar
20,150101020,CHINMOY KACHARI,c.kachari
21,150101021,DESHMUKH UDAYRAJ SHRIKANT,deshmukh
22,150101022,DHARMESH CHOURASIYA,dharmesh
23,150101023,G SHARATH KUMAR,sharath.kumar
24,150101024,GOURAV,gourav.2015
25,150101025,GOURIKA BANG,gourika
26,150101026,HARSHIT BANSAL,b.harshit
27,150101027,IRALA NARASIMHA REDDY DILIP KUMAR,irala
28,150101028,JIGNYASU RASESH CHASMAWALA,jignyasu
29,150101029,KATTA YATHEENDRA MOULI,katta.mouli
30,150101030,KRISHNA KUMAR,krishna.kumar
31,150101031,KUSHAL K S V S,kushal.s
32,150101032,LAKSHMIREDDY SESHA SAI SHOBITH,lakshmireddy
33,150101033,MAYANK KUMAR AGRAWAL,mayank.agrawal
34,150101034,MAYANK YADAV,mayank.yadav
35,150101035,MOHIT KUMAR,mohit.km
36,150101036,MUDDADA NITESH KAMAL,muddada
37,150101037,MUKKOTI ANIL KUMAR,mukkoti
38,150101038,MUKUL VERMA,mukul.verma
39,150101039,N ABHINAV REDDY,abhinav.reddy
40,150101040,NALABOLU RAJENDHAR REDDY,nalabolu
41,150101041,NAYANJYOTI KAKATI,nayanjyoti
42,150101042,NEEL MITTAL,n.mittal
43,150101043,NIKUNJ MITTAL,nikunj.mittal
44,150101044,PARUCHURU SRIKAR,paruchuru
45,150101045,PATOLIYA MEETKUMAR KRUSHNADAS,patoliya
46,150101046,PIYUSH JAIN,piyush.jain
47,150101047,PRASHANSI KAMDAR,prashansi
48,150101048,PRAVEEN JANGID,praveen.jangid
49,150101050,PULAK KULI,k.pulak
50,150101051,REDDI HAREESH,r.hareesh
51,150101052,ROHAN AGGARWAL,rohan.aggarwal
52,150101053,ROOPANSH BANSAL,roopansh
53,150101054,SAKET SANJAY AGRAWAL,saket.agrawal
54,150101055,SAMAYAMANTHULA N V S RATNA KRISHNA PRUDHVI,s.prudhvi
55,150101056,SAMRAT YADAV,samrat.yadav
56,150101057,SARTHAK TRIPATHI,sarthak.tripathi
57,150101058,SASWATA DE,d.saswata
58,150101059,SATTI SAI CHANDAN REDDY,satti.reddy
59,150101060,SATYA PRAKASH,satya.2015
60,150101061,SAURABH,saurabh.2015
61,150101062,SAURABH,saurabh.chugh
62,150101063,SAURAV KUMAR KEJRIWAL,s.kejriwal
63,150101064,SHAHWAR FATIMA,shahwar
64,150101065,SHAILENDRA KUMAR BRAMHE,s.bramhe
65,150101066,SHANIGARAM BHARATH CHANDRA,shanigaram
66,150101067,SHASHANK GAREWAL,s.garewal
67,150101068,SHIVAM GUPTA,shivam.gupta
68,150101069,SHIVRAM N GOWTHAM,shivram.gowtham
69,150101070,SHRADHA PRUTHI,shradha
70,150101071,SHUBHAM JINDAL,shubham.jindal
71,150101072,SHUBHAM SINGHAL,shubham.singhal
72,150101073,SHUBHANSHU VERMA,shubhanshu.verma
73,150101074,SOUMIK ROY,soumik.roy
74,150101075,SOWDABOINA SAI HARSHA VARDHAN,sowdaboina
75,150101076,SUDHANSHU RANJAN,sudhanshu.ranjan
76,150101077,SUHAS SHIVSHANKAR KANTEKAR,suhas.kantekar
77,150101078,SURABHI GUPTA,surabhi.gupta
78,150101079,TAMILSELVAN S,tamilselvan.s
79,150101080,VADLAMUDI SONY VENKATESH,v.vadlamudi
80,150101081,VAIBHAV PRATAP SINGH,vaibhav.singh
81,150101082,RITVEEKA VASHISTHA,ritveeka
82,150101083,JOY CHOPRA,j.chopra
83,150101084,GAURAV NAKUM,n.gaurav
84,150101085,HUDDEDAR SHASHANK ANIL,huddedar
85,150101086,ANKIT KUMAR SINGH,ankit.ks
86,150101087,SATYA PRAKASH,satya.prakash
87,150101088,PRIYANKAR JAIN,priyankar
88,150123001,ABHINAV GUPTA,abhinav.gupta
89,150123002,ACHINTYA SINGH,s.achintya
90,150123003,ADITYA SINGH RATHORE,r.aditya
91,150123004,AKASH MAHALIK,a.mahalik
92,150123005,ARPAN GUPTA,arpan.gupta
93,150123006,AYUSH GOYAL,ayush.goyal
94,150123007,BHISHAM BANSAL,bhisham.bansal
95,150123008,CHIRANJIV GOYAL,chiranjiv
96,150123009,DAKSH KUMAR,daksh.kumar
97,150123010,DEEPAK KUMAR VERMA,deepakverma.2015
98,150123011,DEEPANSH GARG,g.deepansh
99,150123012,DIVIJ CHOPRA,divij
100,150123013,HARSHMEET SINGH,harshmeet
101,150123014,HEMANT KUMAR JANGIR,h.jangir
102,150123015,HITEN SETHIYA,hiten
103,150123017,KODI DIGVIJAY YADAV,y.kodi
104,150123018,KULDEEP YADAV,y.kuldeep
105,150123019,MAMILLA RAJASEKHAR,r.mamilla
106,150123020,MANAS DARUKA,m.daruka
107,150123021,matcha,matcha
108,150123022,MAYANK KAGLIWAL,m.kagliwal
109,150123023,MD IMTIYAZ,m.imtiyaz
110,150123024,MOHAMMED BILAL GIRACH,m.girach
111,150123025,MOTAPARTHY SAI KRISHNA PRATEEK,motaparthy
112,150123027,NIKITESH SONEJI,nikitesh
113,150123028,NITESH KERKETTA,n.kerketta
114,150123029,P RAMADOSS,p.ramadoss
115,150123030,PARIDHI KOTHARI,paridhi
116,150123031,PUNEET KUMAR,puneet.2015
117,150123032,RISHABH AGRAWAL,a.rishabh
118,150123035,SAI VARDHAN REDDY GOURAVARAM,s.gouravaram
119,150123036,SAMAR SHIVKUMAR DESHMUKH,s.deshmukh
120,150123037,SANGEET CHANDALIYA,sangeet
121,150123038,SANJOG AGRAWAL,a.sanjog
122,150123039,SAVYA SINDHU GUPTA,savya.gupta
123,150123040,SUNIL BENIWAL,s.beniwal
124,150123041,SYED IMRAN,syed.imran
125,150123042,TAMBABATHULA VARSHNEYA BHUSHAN,tambabathula
126,150123043,TARUN GENWA,g.tarun
127,150123044,TURKHADE HRUSHIKESH PRAMOD,turkhade
128,150123045,VAIBHAV MOTWANI,v.motwani
129,150123046,AYUSH SHARMA,ayush.2015
130,150123047,SHASHANK OBEROI,s.oberoi
131,150123048,OJASVIN SOOD,ojasvin
132,150123049,ASHISH KUMAR PODDAR,a.poddar
133,150123050,YUGANSH BHATNAGAR,yugansh
134,150123051,REMIDI NISHANTH REDDY,remidi.reddy
135,150123052,PRITHVI SRIRAM,prithvi
136,150123053,ARKADEEP DAS,arkadeep
