1,160205011,CHOUTI EVANGLEEN,evangleen
2,170101001,AAYUSH PATNI,patni170101001
3,170101002,ABHISHEK JAISWAL,abhis170101002
4,170101003,ADITYA VARDHAN GARA,adity170101003
5,170101004,AJINKYA SHIVASHANKAR SHIVASHANKAR,ajink170101004
6,170101005,AMAN MISHRA,aman170101005
7,170101006,AMAN RAJ,aman170101006
8,170101007,ANIKET RAJPUT,anike170101007
9,170101008,ANNANYA PRATAP SINGH CHAUHAN,annan170101008
10,170101009,ANUBHAV TYAGI,tyagi170101009
11,170101010,ANURAG KUMAR,kumar170101010
12,170101011,ARANYA ARYAMAN,arany170101011
13,170101012,ARPIT GUPTA,arpit170101012
14,170101013,ARYAN AGRAWAL,aryan170101013
15,170101014,AVIRAL GUPTA,avira170101014
16,170101015,AVNEET SINGH CHANNA,singh170101015
17,170101016,BANDAGONDA SHRI RAAM REDDY,raam170101016
18,170101017,CH ROHITH RAVI PRABHU TEJA,rohit170101017
19,170101018,CHALUMURU BHAVANI DATT,datt170101018
20,170101019,CHIRAG GUPTA,gupta170101019
21,170101020,DEEPAK GAMI,gami170101020
22,170101021,DEVAISHI TIWARI,devai170101021
23,170101022,DEVANSH GUPTA,gupta170101022
24,170101023,FUGARE ASHISH DILEEP,ashis170101023
25,170101024,GEDDAM IKYA VENUS,ikya170101024
26,170101025,HANSRAJ PATEL,hansr170101025
27,170101026,HARDIK KATYAL,katya170101026
28,170101027,KADAM KIRAN ZATINGRAO,kiran170101027
29,170101028,KANCHUGANTLA RHYTHM,rhyth170101028
30,170101029,KAPIL JANGID,kapil170101029
31,170101030,KARTIK GUPTA,gupta170101030
32,170101031,KEERTI HARPAVAT,keert170101031
33,170101032,KETHAVATH NAVEEN,navee170101032
34,170101033,LUCKY,lucky170101033
35,170101034,MAKHARIA AAYUSH,aayus170101034
36,170101035,MANAN GUPTA,manan170101035
37,170101036,MANI MANNAMPALLI,mani170101036
38,170101037,MAYANK CHANDRA,mayan170101037
39,170101038,MAYANK WADHWANI,mayan170101038
40,170101039,NAGULAPALLI KASI VENKATA SAI KIRAN,sai170101039
41,170101040,NAKKA SRIHARSHA,sriha170101040
42,170101041,NAVEEN KUMAR GUPTA,navee170101041
43,170101042,NAYANJYOTI DEURY,nayan170101042
44,170101043,PARTHA PRATIM MALAKAR,parth170101043
45,170101044,PARVINDAR SINGH,parvi170101044
46,170101045,PIYUSH GUPTA,piyus170101045
47,170101046,PRABHAT KUMAR,prabh170101046
48,170101047,PRANAY GARG,garg170101047
49,170101048,PRANSHU SRIVAS,prans170101048
50,170101049,PRIYANSHU SINGH,singh170101049
51,170101050,PULIKONDA ROOP SAI RAKESH GUPTA,sai170101050
52,170101051,RAJANALA HARSHAVARDHAN REDDY,rajan170101051
53,170101052,RASHI SINGH,rashi170101052
54,170101053,RAVI SHANKAR,ravi170101053
55,170101054,RISHI PATHAK,rishi170101054
56,170101055,ROHAN NIGAM,rohan170101055
57,170101056,ROUNAK PARIHAR,rouna170101056
58,170101057,RUTVIK GHUGHAL,rutvi170101057
59,170101058,RYTHUM SINGLA,rythu170101058
60,170101059,SACHIN GIRI,giri170101059
61,170101060,SANCHIT,sanch170101060
62,170101061,SAYAK DUTTA,sayak170101061
63,170101062,SAYALKUMAR SUBHASH HAJARE,sayal170101062
64,170101063,SHIVAM BANSAL,shiva170101063
65,170101064,SHUBHAM KUMAR,kumar170101064
66,170101065,SHYAM SUNDAR RAV,rav170101065
67,170101066,SOUMIK PAUL,paul170101066
68,170101067,SOURABH JANGID,soura170101067
69,170101068,SUNNY KUMAR,sunny170101068
70,170101069,TAI GANGMU,gangm170101069
71,170101070,THAHIR MAHMOOD POOVADA,thahi170101070
72,170101071,THEEGALA RAKESH REDDY,rakes170101071
73,170101072,TIKARAM MEENA,tikar170101072
74,170101073,TUSHAR RAJENDRA BHUTADA,tusha170101073
75,170101074,UMANG,umang170101074
76,170101075,UTKARSH JAIN,jain170101075
77,170101076,VAKUL GUPTA,vakul170101076
78,170101077,VEMURI SAHITHYA,sahit170101077
79,170101078,VINEET MALIK,malik170101078
80,170101079,VINIT KUMAR,vinit170101079
81,170101080,VIVEK KUMAR,vivek170101080
82,170102001,ABHAY JIT SINGH SANDHU,abhay170102001
83,170102002,ABHINAV SINGH,abhin170102002
84,170102003,AGNIV BANDYOPADHYAY,agniv170102003
85,170102004,AKARSH ARYA,arya170102004
86,170102005,AKHILESH KUMAR,kumar170102005
87,170102006,ALOK URMALIYA,alok170102006
88,170102007,AMAN KUMAR,aman170102007
89,170102008,AMAN KUMAR RAY,ray170102008
90,170102009,AMAN SHARMA,aman170102009
91,170102010,ANCHIT AYUSH GURIA,anchi170102010
92,170102011,ARSH SINGLA,arsh170102011
93,170102012,ARVIND KUMAR,arvin170102012
94,170102013,ASHISH,ashis170102013
95,170102014,AVISHMITA MANDAL,avish170102014
96,170102015,AYUL JAIN,ayul170102015
97,170102017,B NITISH KUMAR,b170102017
98,170102018,BHANU PRASAD LOUDYA,bhanu170102018
99,170102019,BHARATH THAKKALAPALLY,bhara170102019
100,170102020,BHASKAR BAIPLAWAT,bhask170102020
101,170102021,BIPIN KUMAR,kumar170102021
102,170102022,BODUGULA SAI NIKHIL,nikhi170102022
103,170102023,BORRA LAKSHMAN KUMAR,laksh170102023
104,170102024,BUDDHADEB DAS,das170102024
105,170102025,BUSWALA NITESH KAMLESH,buswa170102025
106,170102026,DEVASHISH TANEJA,devas170102026
107,170102027,GUINING PERTIN,guini170102027
108,170102028,JAIN KASHISH,jain170102028
109,170102029,KATRAGADDA PRAPHULLA VASUDHAR,vasud170102029
110,170102030,KETAN SANJAY CHAUDHARI,ketan170102030
111,170102031,KODALI JATIN KRISHNA SAI,jatin170102031
112,170102032,KONDA NIKHIL REDDY,konda170102032
113,170102033,LOKESH G,g170102033
114,170102034,MANIKYAM GOVINDARAJA TEJA SAI,sai170102034
115,170102035,MAYANK BARANWAL,baran170102035
116,170102036,MAYANK TANTUWAY,tantu170102036
117,170102037,MILIND JAIN,milin170102037
118,170102038,MITTA VENKATA PUNEETH,mitta170102038
119,170102039,MOHAMMAD WASEEM AKRAM,akram170102039
120,170102040,MOHNISH KUMAR,kumar170102040
121,170102041,MRINAL KANTI MAHATO,kanti170102041
122,170102042,NAMAN AGGARWAL,aggar170102042
123,170102043,NARENDRA KUMAR,naren170102043
124,170102044,NILESH DAS,niles170102044
125,170102045,NISHTHA RAUTELA,nisht170102045
126,170102046,PARSI SRIDHAR MANOJ,parsi170102046
127,170102047,PARTH BAJAJ,parth170102047
128,170102048,PEELA JASWANTH ARAVIND KUMAR,kumar170102048
129,170102049,POKA SRI KIRAN,sri170102049
130,170102050,PRANAV GOEL,goel170102050
131,170102051,PRATYUSH KISHORE,praty170102051
132,170102052,PRIYANSH MANGAL,priya170102052
133,170102053,RAHUL VADDEPALLY,rahul170102053
134,170102054,REGINTHALA MAHESH,mahes170102054
135,170102055,RISHABH SETHI,sethi170102055
136,170102056,SAI MANIKANTA RISHI R,rishi170102056
137,170102057,SANABOYINA THARUNKUMAR,tharu170102057
138,170102058,SANSKAR AGARWAL,agarw170102058
139,170102059,SHASHANK SHARMA,shash170102059
140,170102060,SHREYAS DIXIT,shrey170102060
141,170102061,SOURAV SUMAN,suman170102061
142,170102062,SUSHVANTH AKKIREDDY,sushv170102062
143,170102063,SWAPNIL KOTHRIWAL,swapn170102063
144,170102064,TATA SAI GANESH KARTHIK,karth170102064
145,170102065,UPENDRA KUMAR,kumar170102065
146,170102066,UTKARSH JAISWAL,utkar170102066
147,170102067,VAIBHAV SINGH,singh170102067
148,170102068,VASU GOYAL,goyal170102068
149,170102069,VIKAS PRAJAPATI,vikas170102069
150,170102070,VUSUVANDLA KHAGESH KUMAR,khage170102070
151,170102071,YASHRAJ BALIDANI,yashr170102071
152,170102072,YEGUVAPALLI THRELOK,yeguv170102072
153,170102073,YOGESH YADAV,yy170102073
154,170103001,AAKASH,aakas170103001
155,170103002,ABHISHEK,abhis170103002
156,170103003,AKASH SHARMA,akash170103003
157,170103004,AMIT KUMAR,amit170103004
158,170103005,AMOGH SINGH PATHANIA,amogh170103005
159,170103006,ANANYA MANOHAR,anany170103006
160,170103007,ANIRUDH PRATAP SINGH,singh170103007
161,170103008,ANURAG KUMAR,kumar170103008
162,170103009,ARUN KUMAR,arun170103009
163,170103010,ASHISH KUMAR MEENA,meena170103010
164,170103011,ASHISH NEGI,negi170103011
165,170103012,ASHISH RANJAN,ashis170103012
166,170103013,ASHIT HANWAT SHENDE,ashit170103013
167,170103014,ASHUTOSH BEHERA,beher170103014
168,170103015,ATHARV DIPAK DEORE,deore170103015
169,170103016,ATUL GAUTAM,atul170103016
170,170103017,AVINASH BARO,baro170103017
171,170103018,AYUSH KUMAR,kumar170103018
172,170103019,BHUKYA VENU NAIK,venu170103019
173,170103020,BRAJESH KUMAR,braje170103020
174,170103021,CHANDAN GOVIND AGRAWAL,chand170103021
175,170103022,DHANIRAM TAW,taw170103022
176,170103023,DISHANK BADADWAL,badad170103023
177,170103024,DIVYANSHU SINGH CHAUHAN,singh170103024
178,170103025,GEORGE RAHUL PULAPAKA,rahul170103025
179,170103026,GIRIJA PRASANNA PARIDA,girij170103026
180,170103027,HEMANTH KUMAR CHINTA,kumar170103027
181,170103028,HITESH RAJ,raj170103028
182,170103029,HURSH,hursh170103029
183,170103030,JOEL RAJA SINGH,joel170103030
184,170103031,KATANA SRI AJAY,ajay170103031
185,170103032,M SABHAREESH,sabha170103032
186,170103033,MD TOUQUIR AHMAD,ahmad170103033
187,170103034,MILAN RAYAT,milan170103034
188,170103035,MOHIT HASIJA,mohit170103035
189,170103036,MOHIT RAJA NENIWAL,mohit170103036
190,170103037,MONJIT DOLEY,doley170103037
191,170103038,MRIGANAV BORDOLOI,mriga170103038
192,170103039,NARENDRA KUMAR,naren170103039
193,170103040,NIKHIL SONI,nikhi170103040
194,170103041,NITESH JANGHU,nites170103041
195,170103042,NITESH KUMAR,nites170103042
196,170103043,NYATI ADITYA ATUL,nyati170103043
197,170103044,PATEL PRERAK SANJAYBHAI,patel170103044
198,170103045,PRABHANDAM SUHAS,suhas170103045
199,170103046,PRATHIK.S.NAYAK,prath170103046
200,170103047,PRATYUSH SINGH,praty170103047
201,170103048,RAGHAV AGGARWAL,ragha170103048
202,170103049,RAHUL KATARIYA,rahul170103049
203,170103050,RAHUL KUSHWAHA,rahul170103050
204,170103051,RAHUL MEEL,rahul170103051
205,170103052,RAHUL RAJ,raj170103052
206,170103053,RAJAT,rajat170103053
207,170103054,RAMAVARAPU ACHYUT,ramav170103054
208,170103055,RATHOD MEET SATISH,meet170103055
209,170103056,RAVINDRA DHAKAR,ravin170103056
210,170103057,ROHIT KUMAR,rohit170103057
211,170103058,ROUTHU ANIL KUMAR,anil170103058
212,170103059,SADAIVAL SINGH,singh170103059
213,170103060,SARTH SAMEER VITEKAR,sarth170103060
214,170103061,SATISH AGRAHARI,satis170103061
215,170103062,SAYAN SARKAR,sayan170103062
216,170103063,SHIVASISH BISWAL,shiva170103063
217,170103064,SHUBHAM BHAUSAHEB SALUNKE,shubh170103064
218,170103065,SPARSH DUTTA,dutta170103065
219,170103066,SPARSH SINHA,spars170103066
220,170103067,SUMIT KUMAR SAINI,sumit170103067
221,170103068,SUPRAGYA SHRESTHA,shres170103068
222,170103069,SURAJ PANDAB,suraj170103069
223,170103070,SUYASH BAGHEL,suyas170103070
224,170103071,SWAPNIL AUDICHYA,swapn170103071
225,170103072,T GOUTHAM KUMAR GOUD,goud170103072
226,170103073,THOTA SAI VAISHNAV,sai170103073
227,170103074,TIKESWAR NAIK,tikes170103074
228,170103075,TRIPAN DIPTA ROY,roy170103075
229,170103076,VAIBHAV SINGH,singh170103076
230,170103077,VIKAS MAURYA,vikas170103077
231,170103078,VINEET SINGLA,vinee170103078
232,170103079,VULASALA YUVA KISHORE REDDY,yuva170103079
233,170103080,YASH KUMAR,yash170103080
234,170103081,ABHISHEK KUMAR GUPTA,gupta170103081
235,170104001,ABHISHEK KUMAR,abhis170104001
236,170104002,ABHISHEK PUROHIT,abhis170104002
237,170104003,ABHISHEK VERMA,verma170104003
238,170104004,ADARSH GUPTA,adars170104004
239,170104005,ADITYA KAKOTI,kakot170104005
240,170104006,ADITYA SAHA,saha170104006
241,170104007,ADITYA VERMA,verma170104007
242,170104008,ADNAN AHMAD,adnan170104008
243,170104009,AJEET KUMAR,ajeet170104009
244,170104010,AKASH GUPTA,akash170104010
245,170104011,AKSHAT PUROHIT,aksha170104011
246,170104012,AMAN KUMAR JAIN,aman170104012
247,170104013,ANANT MITTAL,anant170104013
248,170104014,ANIKET JAIN,anike170104014
249,170104015,ANIKET PRAKASH,anike170104015
250,170104016,ANIKET SINHA,sinha170104016
251,170104017,ANIMESH MISHRA,mishr170104017
252,170104018,ANURAG NAYAK,nayak170104018
253,170104019,ARHAN KUNDU,arhan170104019
254,170104020,ARUN KUMAR,arun170104020
255,170104021,ASHUTOSH KUMAR,ashut170104021
256,170104022,BASANT KUMAR,kumar170104022
257,170104023,BHAVYA JAIN,jain170104023
258,170104024,BHOOMIT TEHLAN,bhoom170104024
259,170104025,CHINMAY RAJANIKANT GARUD,garud170104025
260,170104026,DEEPAK KUMAR PANDEY,kumar170104026
261,170104027,DHANAVATH VASU NAYAK,vasu170104027
262,170104028,DIVYANSH MANGAL,manga170104028
263,170104029,DURGESH,durge170104029
264,170104030,GADDAM NIKHIL,nikhi170104030
265,170104031,GANNE KARTHIK,ganne170104031
266,170104032,GHANISHTHA GARGAV,ghani170104032
267,170104033,GOURAV PATIR,goura170104033
268,170104034,GUFRAN AHMAD,ahmad170104034
269,170104035,HARIRAM MANGLAW,harir170104035
270,170104036,HIMANSHU KESHARI,himan170104036
271,170104037,JAY PRAKASH SONI,jay170104037
272,170104038,JAYESH PALIWAL,jayes170104038
273,170104039,KAMAL KANT,kamal170104039
274,170104040,KANISHQ AGRAWAL,kanis170104040
275,170104041,KARTIK GUPTA,karti170104041
276,170104042,KUSHAGRA PANDEY,pande170104042
277,170104043,MAHENDRA YADAV,yadav170104043
278,170104044,MANAK KASHYAP,manak170104044
279,170104045,MAYANK RAI,rai170104045
280,170104046,MD AASIF HUSSAIN,aasif170104046
281,170104047,MEHUL CHATURVEDI,mehul170104047
282,170104048,MOHIT SIYAG,mohit170104048
283,170104049,NANDANIYA CHIRAG LAXMANBHAI,chira170104049
284,170104050,NANDIGAMA NAVYA,navya170104050
285,170104051,NEERAJ SINGH,singh170104051
286,170104052,NETI KASI VENKATESH,venka170104052
287,170104053,NITESH KUMAR,nites170104053
288,170104054,NITESH KUMAR MANDAL,nites170104054
289,170104055,PARASPREET SINGH GILL,paras170104055
290,170104056,PARVEEN JAKHAR,jakha170104056
291,170104057,PRAGATI RANJAN,praga170104057
292,170104058,PRIYANSHU KANOUJIA,kanou170104058
293,170104059,PRIYANSHU SINGH,singh170104059
294,170104060,PUSHPENDRA MEENA,pushp170104060
295,170104061,RAHAT REZA SULEMANI,rahat170104061
296,170104062,ROHIT KUMAR ATAL,kumar170104062
297,170104063,RUPESH YADAV,rupes170104063
298,170104064,SARVESH ARUN CHOUSHETTI,sarve170104064
299,170104065,SHARIB TASNEEM,shari170104065
300,170104066,SHASHANK BOUDH,boudh170104066
301,170104067,SHIVAM KUMAR,shiva170104067
302,170104068,SHIVAM RAJ,raj170104068
303,170104069,SHUBHAM DATTATRAY YENNAWAR,shubh170104069
304,170104070,SHUBHAM ROHILLA,shubh170104070
305,170104071,SOMRAJ,somra170104071
306,170104072,SRIJAN SANKRIT,sankr170104072
307,170104073,SUDHANSHU JAISINGHANI,sudha170104073
308,170104074,SURYA PRATAP YADAV,surya170104074
309,170104075,SYED IZHAR AHMED,izhar170104075
310,170104076,TUSHAR SETHIA,tusha170104076
311,170104077,UPPALAPATI PREETHAM VARMA,varma170104077
312,170104078,VIKAS MEENA,vikas170104078
313,170104079,VISHAL SHRIVASTAVA,visha170104079
314,170104080,YOGESH BAGARIYA,yoges170104080
315,170106002,ABHAY GUPTA,abhay170106002
316,170106003,ABHISHEK,abhis170106003
317,170106004,ABHISHEK MEROTHA,abhis170106004
318,170106007,ALBIN BENNY,albin170106007
319,170106008,AMAN VERMA,aman170106008
320,170106009,ANANT SACHAN,anant170106009
321,170106010,ANDHIGARI YASH,yash170106010
322,170106011,ANIRUDDH BAKSHI,aniru170106011
323,170106012,ANKIT BHICHAR,ankit170106012
324,170106013,ARNAB RAY,arnab170106013
325,170106014,ASHISH KHOSHYA,ashis170106014
326,170106015,ASHISH POONIA,ashis170106015
327,170106016,BAJRANG LAL BANA,bana170106016
328,170106017,BHABESH BORO,boro170106017
329,170106018,BHAVYA SINGH,bhavy170106018
330,170106019,BHAWANA BENDA,bhawa170106019
331,170106022,HANSHRAJ MOSALPURIYA,hansh170106022
332,170106023,JAYESH DAMANI,jayes170106023
333,170106024,JIVESH,jives170106024
334,170106026,KARTIKEYA SHARMA,karti170106026
335,170106027,KARTIK NAIK,naik170106027
336,170106028,KIRAN J CHEMMANATTE,kiran170106028
337,170106029,KOMMINENI SRI ACHALA,sri170106029
338,170106030,KRISHAN KANT,kant170106030
339,170106031,LAZMY DEWARE,lazmy170106031
340,170106032,MAYUKH PRAMANIK,mayuk170106032
341,170106033,MD.FARZAN AKHTAR,mdfar170106033
342,170106034,MRUTYUNJAYA MOHAPATRA,mruty170106034
343,170106035,MURALA ABHISHEK,mural170106035
344,170106036,MUSKAN BANSAL,bansa170106036
345,170106037,NADIGOTLA RAHUL,rahul170106037
346,170106038,NIKHIL,nikhi170106038
347,170106039,NIKHIL ARYA,arya170106039
348,170106040,NIKUNJ AGRAWAL,nikun170106040
349,170106041,PARAM UDAY KOTHARI,param170106041
350,170106042,PATIL DHAIRYASHIL PRATAPSINH,patil170106042
351,170106043,PAVAN KUMAR GUPTA,kumar170106043
352,170106044,PRATHAM ARORA,arora170106044
353,170106045,PRATHYOOM M S,m170106045
354,170106046,RAHUL BISHNOI,rahul170106046
355,170106047,RAHUL SAROHA,rahul170106047
356,170106048,RISHABH SRIVASTAVA,sriva170106048
357,170106049,SAMAD FARAZ,faraz170106049
358,170106050,SAPAVATH PARAMESH,param170106050
359,170106051,SEJAL GOYAL,sejal170106051
360,170106052,SHAMBHAVI PANDEY,shamb170106052
361,170106053,SHIVRAJ SINGH,shivr170106053
362,170106054,SHRUTI DINESH AGARWAL,shrut170106054
363,170106055,SHUBHAM AVINASH CHAUDHARI,shubh170106055
364,170106056,SHUBHAM GAURAV,shubh170106056
365,170106057,SIDDHESH JITENDRA METKAR,siddh170106057
366,170106058,SIVA SAI HIMAKAR SREERANGAM,himak170106058
367,170106060,VANKUDOTHU BABU RAO,babu170106060
368,170106061,VEDANT BHARTI,vedan170106061
369,170106062,VIKAS PARSHURAM PATEL,vikas170106062
370,170106063,VINAY KUMAR,vinay170106063
371,170106064,VIPIN YADAV,vipin170106064
372,170106065,YASH AGRAWAL,yash170106065
373,170106066,ANSHUMAN PANDEY,anshumaniitg
374,170106067,RAHUL MEENA,rahul170106067
375,170107001,AAYUSH BOHRA,bohra170107001
376,170107002,ABHISHEK BAJPAI,abhis170107002
377,170107003,AJIT KUMAR SINGH,ajit170107003
378,170107004,AJOY KUMAR DOLEY,doley170107004
379,170107005,AKSHAT SINGHAL,aksha170107005
380,170107006,AKSHAY KUMAR,kumar170107006
381,170107007,AMGOTH RAJU NAIK,raju170107007
382,170107008,ANAMITRA MANDAL,manda170107008
383,170107009,ANKIT KUMAR SAINI,ankit170107009
384,170107010,ANSHUL SHARMA,anshu170107010
385,170107011,ASHISH BHASKAR,ashis170107011
386,170107012,AVI KUMAR,avi170107012
387,170107013,BHAVESH INANI,inani170107013
388,170107014,BHAVYA SHARMA,bhavy170107014
389,170107015,BOJJA SAI KIRAN,sai170107015
390,170107016,CHINMAY KOTHARI,chinm170107016
391,170107017,DIVYAM SHAURYA,shaur170107017
392,170107018,GITIKA SONKER,gitik170107018
393,170107019,HARIOM SINGH,singh170107019
394,170107020,HARSHIT GOYAL,goyal170107020
395,170107021,HIMANSHU KAUSHIK,himan170107021
396,170107022,JATIN THAKUR,jatin170107022
397,170107023,KANAN KUMAR DAS,kanan170107023
398,170107024,KARRI KARTHEEK,karri170107024
399,170107025,KAUSTUBH RAMCHANDRA PATIL,patil170107025
400,170107026,KRISHN KANHAIYA TIKMANI,krish170107026
401,170107027,KRISHNA,krish170107027
402,170107028,KUNAL,kunal170107028
403,170107029,KUNTAL NAYAK,nayak170107029
404,170107030,MAJUMDAR RITAM MANABENDRA,ritam170107030
405,170107031,MANAN CHAWLA,manan170107031
406,170107032,MANISH ANAND,anand170107032
407,170107033,MANOJ KUMAR PANDEY,manoj170107033
408,170107034,MAYANK DHAKA,mayan170107034
409,170107035,MAYANK PRASAD,mayan170107035
410,170107036,MRIGANGKA SEKHAR KUTUM,kutum170107036
411,170107037,MUJAHID BARI,bari170107037
412,170107038,MURARI LAL,murar170107038
413,170107039,MUSKAN MAHESHWARI,muska170107039
414,170107040,NAMAN KHEMCHAND AGARWAL,naman170107040
415,170107041,NAVYA GAUR,navya170107041
416,170107042,NEERAJ KUMAR RATHORE,neera170107042
417,170107043,NITIN KUMAR KHANDAL,nitin170107043
418,170107044,PERAM NANDA GOPALA KRISHNA,nanda170107044
419,170107045,PRABAL SINGH,praba170107045
420,170107046,PRACHI AMBADE,prach170107046
421,170107047,PRAKHAR SETH,prakh170107047
422,170107048,PRASUN GOURAV,prasu170107048
423,170107049,PRATYAY SINGH,singh170107049
424,170107050,PRIYANSHU BARNWAL,barnw170107050
425,170107051,PULKIT KHATOR,pulki170107051
426,170107052,RAJESH CHAUHAN,rajes170107052
427,170107053,RIPUNJOY MEDHI,ripun170107053
428,170107054,RISHIRAJ KAMDAR,rishi170107054
429,170107055,SAGNIC MANDAL,sagni170107055
430,170107056,SANKALP GUPTA,gupta170107056
431,170107057,SATYAM SARAN,saran170107057
432,170107058,SHASHANK SAURABH,shash170107058
433,170107059,SHASHANK SHARMA,shash170107059
434,170107060,SHIKHAR RAJ,shikh170107060
435,170107061,SIDDHANT SAHEBRAO MAHALLE,siddh170107061
436,170107062,SIDDHARTH JAIN,jain170107062
437,170107063,SUDIP DAS,sudip170107063
438,170107064,SURYANSH PRABHAT,surya170107064
439,170107065,TRISHLA SOOD,trish170107065
440,170107066,UNMESH AJAY DESALE,ajay170107066
441,170107067,VAIBHAVI BINDLISH,vaibh170107067
442,170107068,VIKRANT PRASAD,vikra170107068
443,170107069,VISHAL KUMAR JAMUAR,kumar170107069
444,170107070,YASHRAJ VIJAY MOLAWADE,yashr170107070
445,170107071,RAJESH KUMAR SAHOO,rajes170107071
446,170108001,AAYUSH,aayus170108001
447,170108002,ABHISHEK RAJ,raj170108002
448,170108003,ADEPU VISHAL VARDHAN,visha170108003
449,170108004,ADITYA MEHNDIRATTA,adity170108004
450,170108005,AMRIT SAHA,amrit170108005
451,170108006,ANIKET MADHUKAR GUDADHE,anike170108006
452,170108007,ASHUTOSH GUPTA,ashut170108007
453,170108008,ATHARVA SHARMA,athar170108008
454,170108009,BHAVYA DHING,dhing170108009
455,170108010,BHOSALE RUTVIJ,rutvi170108010
456,170108011,CHINKA NAGA SRIHARI,naga170108011
457,170108012,DINESH KUMAR MAHAWAR,dines170108012
458,170108013,DIWAKAR SHARMA,diwak170108013
459,170108014,DUPPALA SREE CHANDRA,chand170108014
460,170108015,GAURAV KUMAR,kumar170108015
461,170108016,GHONGADE PRATIK KANBA,prati170108016
462,170108017,HIMANSHU JAIN,jain170108017
463,170108018,JAYANT PRAKASH SINGH,jayan170108018
464,170108019,JEEVESH KAUSHIK,jeeve170108019
465,170108020,JILLA VAMSI KRISHNA,vamsi170108020
466,170108021,K M SUDARSHAN,sudar170108021
467,170108022,MAHFOOZUR RAHMAN KHAN,khan170108022
468,170108023,MAYANK SONI,mayan170108023
469,170108024,MUKUL RANJAN,mukul170108024
470,170108025,NAMAN JAIN,naman170108025
471,170108026,NIKI SONOWAL,niki170108026
472,170108027,NISHIT GAUR,gaur170108027
473,170108028,PARAG AGRAWAL,parag170108028
474,170108029,RAHUL NAGARWAL,rahul170108029
475,170108030,REET AKSHAT,reet170108030
476,170108031,REVANURU VINAY KUMAR,vinay170108031
477,170108032,RUDRANSHU PRAJAPATI,rudra170108032
478,170108033,SAHIL KUMAR,sahil170108033
479,170108034,SAMEER KUMAR GHAWANA,samee170108034
480,170108035,SHUBHAM KUMAR,shubh170108035
481,170108036,SONU KUMARI MINA,mina170108036
482,170108037,SRI HARSHA VADATHYA,harsh170108037
483,170108038,TEJRAJ CHOUDHARY,tejra170108038
484,170108039,UPPALA ADITYA,adity170108039
485,170108040,UTKARSH SANTOSH MISHRA,utkar170108040
486,170108041,VINAY VERMA,vinay170108041
487,170108042,VISHWAJEET KUMAR SINGH,vishw170108042
488,170108043,SURAJ KUMAR,suraj170108043
489,170121001,ABHIBRAT SHARMA,abhib170121001
490,170121002,ABHISHEK DUTT,abhis170121002
491,170121003,AMAN DEO,aman170121003
492,170121004,AMEYA SANJEEV MADHEKAR,ameya170121004
493,170121005,ANUP PRAKASH POHANEY,anup170121005
494,170121006,ARNAV MATHUR,arnav170121006
495,170121007,ATHARVA RAJENDRA MADKAR,athar170121007
496,170121008,ATHARVA YOGESH BELAPURKAR,belap170121008
497,170121009,ATUL KUMAR,atul170121009
498,170121010,AVINASH RANJAN,avina170121010
499,170121011,CHETAN KUNDARA,cheta170121011
500,170121012,CHILUMULA ANAND VARDHAN,anand170121012
501,170121013,CHINMAYA K,k170121013
502,170121014,DEVANSH BHARDWAJ,bhard170121014
503,170121015,DIPESH DIGWAL,dipes170121015
504,170121016,DUSHYANT MEENA,meena170121016
505,170121018,HARSHIT BHORGA,harsh170121018
506,170121019,HARSHIT DAHIYA,harsh170121019
507,170121020,IBRAR ALI,ibrar170121020
508,170121021,KARTIK SETHI,sethi170121021
509,170121022,LAKSHYA,laksh170121022
510,170121023,MANIK MITTAL,mitta170121023
511,170121025,MIHIR PATEL,mihir170121025
512,170121026,MOHAMMAD AAMIR PASHA,pasha170121026
513,170121027,NAVIN KUMAR,navin170121027
514,170121028,NIKHIL KUMAR,kumar170121028
515,170121029,NIKHIL VITHAL SHINDE,nikhi170121029
516,170121030,NITIN CHAUHAN,nitin170121030
517,170121031,R SHREEKAVI,shree170121031
518,170121032,RADHIKA GOYAL,goyal170121032
519,170121033,RAHUL M,rahul170121033
520,170121034,RAJGURU SHIVAM DATTA,shiva170121034
521,170121035,RAJIV RAMESH SANGLE,rajiv170121035
522,170121036,RAUT PRAJWAL VISHVANATH,prajw170121036
523,170121037,ROHAN MANGATT,rohan170121037
524,170121038,RUKALPA DE,de170121038
525,170121039,SAHIL KUMAR PANIGRAHY,sahil170121039
526,170121040,SANKALP SHANDILYA,shand170121040
527,170121041,SHOAIB HUSSAIN,shoai170121041
528,170121042,SHRIDHAR,shrid170121042
529,170121043,SIDDHARTH AGARWAL,siddh170121043
530,170121044,SURYA CHANDRA KOTLA,surya170121044
531,170121045,TAMMANA DRUVA VENKATA RAJU,raju170121045
532,170121046,TAMMIREDDY ANIRUDH NIKHIL,tammi170121046
533,170121048,TAPAN MAYUKH,tapan170121048
534,170121049,UDIT VERMA,udit170121049
535,170121050,VIVEK KUMAR,vivek170121050
536,170121051,DEVENDRA BARMAN,deven170121051
537,170122001,ABHINAV GUPTA,gupta170122001
538,170122002,AMIT TIWARI,amit170122002
539,170122003,ANKIT JAIN,ankit170122003
540,170122004,ARNOLD ROYAL CHINDRIPU,arnol170122004
541,170122005,ARVIND PATIDAR,arvin170122005
542,170122006,ARYAN AGARWAL,aryan170122006
543,170122007,ASHISH ASHOK DUKARE,ashis170122007
544,170122008,ASHISH BAKOLIYA,ashis170122008
545,170122009,ASHISH SANJEEV SONAVANE,ashis170122009
546,170122010,AVINESH KRISHNAN,krish170122010
547,170122011,BHAWNA PARMAR,bhawn170122011
548,170122012,CHETAN SUBHASH NETNE,netne170122012
549,170122013,DEEKSHANT,deeks170122013
550,170122014,DEEPAK KUMAR MANDAL,deepa170122014
551,170122015,DEEPAK MEENA,meena170122015
552,170122016,DEEPENDRA MEENA,deepe170122016
553,170122017,DEVANSHI PINGOLIA,devan170122017
554,170122019,DODDI MOHIT,mohit170122019
555,170122020,KANISHK ARORA,arora170122020
556,170122022,KRISHNAKANT SINGH,krish170122022
557,170122023,KRITIK RATHORE,ratho170122023
558,170122024,MANAS PRATIM PATHAK,manas170122024
559,170122025,MANISH KUMAR GURNANI,kumar170122025
560,170122026,MAYANK PRASAD,mayan170122026
561,170122027,MAYURI MANOJKUMAR CHHAJED,chhaj170122027
562,170122028,MUKESH BHANGALE,mukes170122028
563,170122029,NANDITA VARSHNEY,varsh170122029
564,170122030,P ABHISHEK,abhis170122030
565,170122031,PANKAJ KUMAR,kumar170122031
566,170122032,PRATYUSH SHARMA,praty170122032
567,170122033,RAHUL DADABHAI MORE,rahul170122033
568,170122034,RAMJILAL YADAV,ramji170122034
569,170122035,RISHABH AGRAWAL,risha170122035
570,170122036,RISHABH SARKAR,sarka170122036
571,170122037,S KRISHNA RAAJAN,krish170122037
572,170122038,SAISH SHRIVASTAVA,saish170122038
573,170122039,SANSKAR SINGHAI,sansk170122039
574,170122040,SHAILENDRA SINGH,shail170122040
575,170122041,SHREYASH MEENA,shrey170122041
576,170122042,SHUBHAM MAURYA,shubh170122042
577,170122044,SIMRAN LOKWANI,simra170122044
578,170122045,SOURADIP SEN,soura170122045
579,170122046,SWAGATAM DAS,swaga170122046
580,170122047,TRIKAY NALAMADA,nalam170122047
581,170122048,UTTAM KUMAR,uttam170122048
582,170122049,VATSA SHAH,vatsa170122049
583,170122050,VIPUL SHRIVASTAVA,vipul170122050
584,170123001,AAYUSH BANSAL,aayus170123001
585,170123002,ABHINAV ANAND,anand170123002
586,170123003,ABHINAV R,abhin170123003
587,170123004,ADITYA RAJ,adity170123004
588,170123005,ANKIT KUMAR KANOJIYA,ankit170123005
589,170123006,ANKIT TRIPATHI,ankit170123006
590,170123007,ANKUR PRAMOD INGALE,ankur170123007
591,170123008,ARAV GARG,arav170123008
592,170123009,ARPIT NAMA,nama170123009
593,170123010,ARYAN RAJ,aryan170123010
594,170123011,ASHISH AGARWAL,ashis170123011
595,170123012,AYUSH DALIA,ayush170123012
596,170123013,BAGAL SATEJ BABANRAO,satej170123013
597,170123014,BARISH BHAGAT,baris170123014
598,170123015,BOJJA SAI PREETHAM,preet170123015
599,170123016,CHINDAM SUJANA MAITHILI,sujan170123016
600,170123017,DEV PRIYA GOEL,dev170123017
601,170123018,GARVIT MEHTA,mehta170123018
602,170123019,GARVIT SARJARE,garvi170123019
603,170123020,HARIT GUPTA,harit170123020
604,170123021,HEMANT YADAV,yadav170123021
605,170123022,JAYANT PATIDAR,patid170123022
606,170123023,KEDAR NATH,kedar170123023
607,170123024,KESHETTI SAI KUMAR,sai170123024
608,170123025,KOMMINENI NIKHIL,nikhi170123025
609,170123026,KONDRU SURAJ,suraj170123026
610,170123027,KOTTA PREM SUJAN,prem170123027
611,170123028,KRISHNA PRIYATAM D,krish170123028
612,170123029,KUSHAGRA MAHAJAN,kusha170123029
613,170123030,LAVISH GULATI,gulat170123030
614,170123031,MALISETTI KIRAN KARTHEEK,kiran170123031
615,170123032,MANNE HEMA PRIYA,hema170123032
616,170123033,MAYANK SAHARAN,mayan170123033
617,170123034,MIHIR YADAV,mihir170123034
618,170123035,MOGILLAPALLI NIKHIL,nikhi170123035
619,170123036,MOHIT DHAKA,mohit170123036
620,170123037,MOHIT KUMAR MEENA,mohit170123037
621,170123038,MRIGANKA BASU ROY CHOWDHURY,basu170123038
622,170123039,NAKKA LAHARI,lahar170123039
623,170123040,PARV SOOD,sood170123040
624,170123041,RUPAM SAHU,rupam170123041
625,170123042,S SAI VAMSHI,sai170123042
626,170123043,SAHILPREET SINGH THIND,sahil170123043
627,170123044,SAKSHI SHARMA,saksh170123044
628,170123045,SAURABH KUMAR,kumar170123045
629,170123046,SHALINI KUMARI,shali170123046
630,170123047,SHIVANG DALAL,shiva170123047
631,170123048,SIDDHANT SINHA,sinha170123048
632,170123049,SREENIDHI SHAMANTH N,sreen170123049
633,170123050,SUMEDH RAVI JOURAS,sumed170123050
634,170123051,TANVI OHRI,tanvi170123051
635,170123052,TANYA CHAUHAN,tanya170123052
636,170123053,TEJASVEE PANWAR,tejas170123053
637,170123054,TUMARADA ADITYA,adity170123054
638,170123055,UDBHAV CHUGH,udbha170123055
639,170205001,ADIL ABDUSHUKOOR,adil170205001
640,170205002,ADITYA BIALA,adity170205002
641,170205003,AKHIL RAJENDRAN,akhil170205003
642,170205004,ANKITA PATRA,patra170205004
643,170205005,ANMOL RATAN,anmol170205005
644,170205006,DHITI SINGH,singh170205006
645,170205007,ITTI JOSEPH,itti170205007
646,170205008,JACOB STEPHEN,jacob170205008
647,170205010,KARTIK GUPTA,gupta170205010
648,170205011,LAKSHYA NIMESH,laksh170205011
649,170205012,LIPIKA GUPTA,lipik170205012
650,170205013,MANASI SHETH,sheth170205013
651,170205014,MEDHA AGRAWAL,medha170205014
652,170205015,MEGHA AGRAWAL,megha170205015
653,170205016,MOHAMMED SHIBILI C P,c170205016
654,170205017,MUSKAN GUPTA,muska170205017
655,170205018,NADIMINTI INDRANI,indra170205018
656,170205019,NANDAGOPAL S K,k170205019
657,170205020,NAVEEN KUMAR GODARA,navee170205020
658,170205021,NEELUSHANSH NANDESHWAR,neelu170205021
659,170205022,OMKAR JOSHI,omkar170205022
660,170205023,POORNIMA SUBRAMANIAM,poorn170205023
661,170205024,PRASATH SHANMUGOM,prasa170205024
662,170205025,PRERANA BISWAS,prera170205025
663,170205026,PRIYAL SHRIVASTAVA,shriv170205026
664,170205027,PRIYANSHU JAIN,jain170205027
665,170205028,RAJANALA PRAVAR PRASAD,prasa170205028
666,170205029,RISHABH SINGH,singh170205029
667,170205030,RISHABH SOOD,sood170205030
668,170205031,RUSHIKESH TARALEKAR,rushi170205031
669,170205032,SACHIN RAJA M,raja170205032
670,170205033,SANCHIT KHESS,sanch170205033
671,170205034,SARTH BORADE,sarth170205034
672,170205035,SHRAWANI MALKAR,shraw170205035
673,170205036,SHRISTI CHUMBER,shris170205036
674,170205038,TEKHENGUTSO THERIEH,tekhe170205038
675,170205039,THIRUMARAN V,thiru170205039
676,170205040,VAIBHAV SINGH,singh170205040
677,170205041,VARUN SINGH,varun170205041
678,170205042,VENKAT RITHVIK VARMA JAMPANA,varma170205042
679,170205043,VIGNESH KUMAR S,s170205043
680,170205044,VISHWAJEET CHOUDHARY,vishw170205044
681,170205045,VIVEK SHAJI KIZHAKKEKARA,vivek170205045
