1,140108040,VADUGURU NAGARJUNA,vaduguru
2,160102001,AADITYA SANWAL,aadityasanwal
3,160102002,ABHISHEK MATHUR,abhishekmathur
4,160102003,AKASH KUMAR RAJAK,akash.raj25
5,160102005,ALLU MANIK,allumanik
6,160102006,AMARTYA ROY,amartyaroy50
7,160102008,AMEYA VIKRAM,ameya.vikram15
8,160102009,AMRITANSH KUMAR SHARMA,amritansh.sharma
9,160102010,ANAND,asranand7
10,160102011,ANIKET BALIYAN,aniketbaliyan
11,160102012,ANKUR PRAKASH,ankur.prakash
12,160102013,ANVITA CHOUDHARY,anvitachoudhary
13,160102014,ARCHANA,archana1999
14,160102015,AYUSH SHIVALI,ayush11aleven
15,160102017,CHINTALA JALASWI,jalaswichintala.44
16,160102018,CHIPPA ANUDEEP,chippa2016
17,160102019,CHITIPROLU AJITH,chitiprolu.ajith
18,160102021,DHEERAJ SARAF,dheeraj.saraf
19,160102022,DIPJYOTI DAS,dipjyotidas1998
20,160102023,EKAGRA RANJAN,ekagra.ranjan
21,160102024,ESHANT VERMA,eshantv
22,160102025,GAURAV LIKHAR,gauravlikhar
23,160102026,GOLI RAVITEJA,raviteja.goli
24,160102029,KADAM MANISH DNYANESHWAR,kadam.manish
25,160102031,KHARWADKAR SAGAR SACHIN,sagar.kharwadkar
26,160102032,KOLLA VENKATA MANIDEEP,manideepkolla
27,160102033,KONDA CHANDU,Kondachandu1998
28,160102034,KURUBA ABHIJITH,kuruba
29,160102035,M DURGA PRASAD,prasad
30,160102037,MALLAPURAM VENKATA SAI,mallapuram
31,160102038,MAMIDI CHANDRA MOULI,chandramouli.m_111
32,160102040,MAYANK SINGLA,mayank_singla
33,160102041,MRIDUL SHARMA,mridulsh98
34,160102044,NAGENDRA BALOT,nkbalot
35,160102045,NAGIREDDY PRAVARDHAN,pravardhan
36,160102046,NILESH MITTAL,nilesh.mittal
37,160102048,PARTH MAHESHWARI,parthm1801
38,160102049,PIYUSH RAJ,piyushraj
39,160102050,PRATEEK SHARMA,prateek246
40,160102052,RAJEEV NAYAN,r.nayan
41,160102053,RAUSHAN KUMAR,raushanrk17
42,160102054,RAUSHAN SINGH,raushansingh1401
43,160102055,RAYAPU SAI PRANAV REDDY,pranavreddy10
44,160102056,ROHIT GUPTA,rohitmm
45,160102057,SACHIT KUHAR,kuhar
46,160102058,SANKALP JAIN,sankalp.jain10
47,160102060,SHANKHAJYOTI DE,shankhajyoti
48,160102061,SHASHANK VATS,shashankvats
49,160102062,SHRUTI MITTAL,shrutimittal
50,160102063,SIDHARTH HEMANI,sidharthhemani1
51,160102064,SPARSH JAIN,sparshjain257
52,160102065,TARUN KUMAR YADAV,tarun1998
53,160102066,TEJAS K ATREYA,atreya.tejas
54,160102068,UTKARSH SINGH,utkarsh.s
55,160102069,VEMURI DHARANI NATH,dharani.v_123
56,160102070,VIVEK RAJPUT,vivek.rajput
57,160102071,WAGHMARE SANKET,sanketww
58,160102072,YASH KULKARNI,yashsk98
59,160102073,YASHWANTH KUMAR TIRUPATI,yashwanthkumart98
60,160102074,ADDRISH ROY,addrish.roy_98
61,160102075,AVI JAIN,avijain
62,160102076,NAMAN PODDAR,namanpoddar
63,160102077,SAROJIT AUDDYA,sarojit
64,160102078,ANKIT MATHUR,ankit_exn
65,160102079,RAJAT KUMAR SINGH,rajat0301tajar
66,160102080,ARIGHNA CHAKRABARTY,arighna.chakrabarty05
67,160102081,SHATAKSHI GUPTA,gupta.cst
68,160102082,PRAVANDAN CHAND,pravandan
69,160102083,DAVE ACHAL ALOK,achaldave
70,160102084,SANSKAR BHARTI,sanskar_98
71,160102085,SHUBHANSH AWASTHI,shubhansh
72,160102086,SOUNAK RAY,sounakray1997
73,160102087,DEEPTI MATHUR,deeptimathur_1904
74,160102088,SHETH PARTH MAHESH,parthsheth
75,160108001,ADITYA RAJ,aditya_raj7
76,160108002,AKASH PANDAURIYA,akashpandauriya
77,160108003,ALOK KUMAR,alokkmr025
78,160108004,AMAN VERMA,aman.verma
79,160108005,ANIKET AGRAWAL,aniket.agrawal
80,160108006,ANKIT KUMAR,ankit.eee
81,160108007,ANUJ GUPTA,anujgupta
82,160108009,ANURAG GOTHWAL,gothwal.anurag
83,160108010,APOORVA KUMAR,kr17apoorva
84,160108012,ASHOK KUMAR,ashok999
85,160108013,BALBIR SINGH,balbir.singh
86,160108015,DHOOLAM SAI GOPI KRISHNA,saigopikrishna
87,160108016,GANDHI VARSHIL,varshil
88,160108017,GAURAV GUPTA,gauravguptait1
89,160108018,GOEL VATSAL VIVEK,vatsal29
90,160108020,HRISHABH RAGHUWANSHI,r.hrishabh
91,160108021,KOLLA GANESH,kollaganesh683
92,160108022,KONARK JAIN,konark.145
93,160108023,KOTTEM JATHINESH,jathin324
94,160108024,MAYANK PATEL,mynk1221
95,160108025,MOHAN MURARI,mohanmurari
96,160108026,MOHIT CHANDAK,Mohit
97,160108027,MUKESH KUMAR MEENA,mukesh.eee
98,160108028,NARENDRA PAL,narendra.pal
99,160108029,PALLAVI RANI,pallavi.rani
100,160108030,PINGILI SAI PRANAY REDDY,saipranay
101,160108031,PUSHYA BANSAL,pushyabansal
102,160108032,RAMAVTAR FAROLIYA,ramavtar
103,160108033,ROHIT VINAYAK DESHMUKH,rohit1727
104,160108035,SERMA MURMU,serma
105,160108036,SHANTANU KUMAR,imshantanu98
106,160108037,SHIVRAJ SHARMA,shivraj.sharma
107,160108038,SHREYAS SHUBHAM,shreyasshubham
108,160108039,UMESH GOYAL,umesh.goyal
109,160108040,VARTHYAVATH SHYAMNAIK,shyamnaik
110,160108041,VISHESH ARORA,vishesharora100
111,160108042,GAURAV ISRANI,gaurav01_1
112,160108043,CHANDAN AGRAWAL,chandan12.ckt
113,160108044,AVISH KABRA,avish2806
114,160108045,PRATEEK MANOCHA,prateek.manocha
115,160108046,NISHANT SHEKHAR,nishant.s.3040
116,160108047,KEVIN JOSE,krsj1234
117,160108048,AAKASH KUMAR,aakashkumarjagia1997
