1,150102002,ABHISHEK AGRAWAL,abhishek.agrawal
2,150102003,ABHISHEK ANAND,abh.anand
3,150102004,AJEYO DEY,ajeyo
4,150102005,ANI REDDY VAMSHI KRISHNA REDDY,ani.reddy
5,150102006,ANKUR DEKA,ankur.deka
6,150102007,ASHUTOSH AGRAWAL,ashu.agrawal
7,150102008,ASHUTOSH SHARMA,ashu.sharma
8,150102009,BANOTHU VIJENDER,b.vijender
9,150102010,BELHE YASH ANAND,belhe.anand
10,150102011,BHARATH RAO K N,bharath.n
11,150102012,BHUKYA VENKATESH,bhukya.2015
12,150102013,BODDA SAI CHARAN,bodda.charan
13,150102014,CHINTAPALLI TARUN,t.chintapalli
14,150102015,DEVESH PRAJAPAT,devesh.prajapat
15,150102016,DIWANSHU JAIN,diwanshu
16,150102017,DOLI SAI DEEKSHITA,doli.deekshita
17,150102019,GADDABATHINI RAHUL,gaddabathini
18,150102021,GONGALE NISHANT SURENDRA,gongale
19,150102022,GUTTIKONDA YOGANAND,guttikonda
20,150102023,HARSH BHARDWAJ,harsh.bhardwaj
21,150102024,HARSHIT RAJGADIA,h.rajgadia
22,150102025,KAMPELLY PRANITH,kampelly
23,150102026,KANDIMALLA SAI VIKAS,kandimalla
24,150102027,KHAMKAR RAHUL DINESH,khamkar
25,150102028,KONALA VIJAYA KRISHNA,k.konala
26,150102029,KUMMARI DAYANANDA KISHORE,kummari
27,150102030,KUNAL DHAWAN,k.dhawan
28,150102031,MALOTHU KARTHIK,k.malothu
29,150102032,MANDARAPU VAIBHAV,mandarapu
30,150102033,MAROTHU VENKATA SAI SURYA TEJA,marothu
31,150102034,MUKKA HARSHITH,mukka.harshith
32,150102035,N JAYANTH KUMAR REDDY,jayanth.reddy
33,150102036,NADELLA BALASAI KRISHNA,k.nadella
34,150102037,NAGRE AMAR SHESHRAO,s.nagre
35,150102038,NATRA SANJAY,natra
36,150102039,NAYAB ANJUM,nayab
37,150102040,NIDHI BHARTI,n.bharti
38,150102041,NISHANT BHARTI,nishant.bharti
39,150102042,NITESH KHICHI,n.khichi
40,150102043,NITYA NAND RAI,r.nitya
41,150102044,NORANG TETARWAL,norang
42,150102045,PANNEM PAVAN SIDDARDHA,pannem
43,150102046,PARIKSHIT SHEKHAWAT,p.shekhawat
44,150102047,PARSA REVANTH,parsa
45,150102049,POREDDY SAI KRUPAL REDDY,poreddy
46,150102050,PRANAV BHUSHAN,p.bhushan
47,150102051,PRANAV SATISH TOTALA,p.totala
48,150102053,PRATIKSHA RAMESH BHERE,pratiksha
49,150102054,RAHUL KUMAR,rahulkumar.2015
50,150102055,RAJAT HARLALKA,r.harlalka
51,150102056,RANA RANDHEER,r.randheer
52,150102057,RITWIK ABHISHEK,a.ritwik
53,150102058,SAGAR KOHLI,sagar.kohli
54,150102059,SANJAY KUMAR,sanjay.2015
55,150102060,SAURABH DHALL,d.saurabh
56,150102061,SHAIK AAKHIL,s.aakhil
57,150102063,SHIVA SHARMA,shiva.sharma
58,150102064,SHUBHAM LOHIYA,shubham.lohiya
59,150102065,SHUBHAM TULASYAN,s.tulasyan
60,150102066,SOMYA PARASAR,s.parasar
61,150102067,TUMATI LIKHITHA,tumati
62,150102069,VELGAPUNI DEEKSHITH RAYA,velgapuni
63,150102070,VINOD PATIDAR,vinod.patidar
64,150102071,YASH KHATRI,k.yash
65,150102072,YERAMANEDI V RUTHVIK RAMASWAMY,yeramanedi
66,150102073,YERIKIPATI VENKATA NAGA SARAN,yerikipati
67,150102074,KUMAR PRIYADARSHI,k.priyadarshi
68,150102075,BOLLAM SAI RAMA LAKSHMANA ABHINAV,bollam.abhinav
69,150102076,SOURADIP PAL,souradip
70,150102077,KRISHNA PRAVEEN YALAMARTHY,y.krishna
71,150102078,ANIRUDDHA GHOSH,g.aniruddha
72,150102079,SHUBHAM,shubham.mech2015
73,150102080,CHALADI MOHAN VAMSI,v.chaladi
74,150102081,DEEPANSHU AJMERA,d.ajmera
75,150102082,VANAMALA NARASIMHA BHARGAV,vanamala
76,150102083,PENTAPATI SAI KARTHIKEY,pentapati
77,150102084,DIVYANGI GATWAR,divyangi
78,150108001,AFZAL AHMAD,afzal
79,150108002,AKASH SINGH,akashsingh.2015
80,150108003,AMAN KUMAR,aman.kumar
81,150108004,ANUBHAV AGRAWAL,a.anubhav
82,150108005,AYUSH YADAV,y.ayush
83,150108006,CHAITANYA NIVSARKAR,c.nivsarkar
84,150108008,DEEPAK KUMAR,deepak.8008
85,150108009,DEEPAK MEGHWAL,deepak.meghwal
86,150108010,DESHMANE ATMAN SANJAY,deshmane
87,150108011,DESHMUKH THAKUR KARANSINGH,k.deshmukh
88,150108012,DEVATHA SAI BHASKAR,devatha
89,150108013,DUNGARWAL RUTUJA PRAVIN,dungarwal
90,150108014,HARSH SINHA,s.harsh
91,150108015,K ROHIT REDDY,rohit.reddy
92,150108016,KAPIL KUMAR,kapil.kumar
93,150108017,KARTIK VIJAYVERGIYA,v.kartik
94,150108018,KRISHNAKANT AHIRWAR,krishnakant
95,150108019,LAVISH KUMAR BANSLA,l.bansla
96,150108020,MAHAVEER SINGH GEHLOT,m.gehlot
97,150108021,MOHAMMED ADNAN,m.adnan
98,150108022,PARTH NITIN PAWAR,p.parth
99,150108023,PRASHANT GAUTAM,prashant.gautam
100,150108025,PUNEET JANGPANGI,p.jangpangi
101,150108027,RATIKANT PATIL,ratikant
102,150108028,RIPUNJAY KUMAR,ripunjay
103,150108030,ROHIT KUMAR,rohitkumar.2015
104,150108031,SANJEEV DIDEL,s.didel
105,150108032,SARVESH JHUNJHUNWALA,j.sarvesh
106,150108033,SARVESH RAJ BIJAY KUMAR BARNWAL,s.barnwal
107,150108034,SASANK GURAJAPU,sasank
108,150108035,SHASHIKESH RAUSHAN,shashikesh
109,150108037,SURAJ PRAKASH,suraj.prakash
110,150108038,SUYASH PATI TRIPATHI,suyash
111,150108040,VAIBHAV JHAJHARIA,v.jhajharia
112,150108042,VISHAL KUMAR SINHA,vishal.sinha
113,150108043,VISHAL AGARWAL,vishal.agarwal
114,150108044,MAHIM GOYAL,mahim.goyal
115,150108045,ROSHAN DASH,r.dash
116,150108046,SAHIL THANDRA,s.thandra
117,150108047,PRIYANSH DAUSHALYA,p.daushalya
118,150108048,ABHISHEK GUPTA,abhg.2015
119,150108049,SHETKAR AKASH ASHOK,shetkar
