1,174102012,LOHAKARE NAINISH BHASKAR,naini174102012
2,174102013,AKSHAY SATI,sati174102013
3,174102014,D SHARMA,sharm174102014
4,174102015,BHARAT SEHGAL,bhara174102015
5,174102017,GAURAV SINGH BHATI,bhati174102017
6,174102018,ANUBHAB CHOWDHURY,anubh174102018
7,174102019,SOUMENDU GHOSH,ghosh174102019
8,174102020,ASIF RASHEED P M,asif174102020
9,174102021,RITAJ CHANDRA DEY,ritaj174102021
10,174102022,AKANKHYA SARMAH,akank174102022
11,174102023,PRERNA PUSHPA,pushp174102023
12,174102041,MOHAN KUMAR SARANGI,mohan174102041
13,174102042,VIJAY KUMAR GARG,vijay174102042
14,174102043,RONAK LALANI,ronak174102043
15,174102044,ADITI SATSHEEL SAPRE,aditi174102044
16,174102045,SANCHIT SOOD,sood174102045
17,174102047,HIMANSHU SINGH,singh174102047
18,174102048,RISHI CHANDRA,rishi174102048
19,174102049,PRASHANT M CHAUDHARI,chaud174102049
20,174102050,BIPLAB SENGYUNG,sengy174102050
21,176102102,Pothan Enukonda Venkata,
