1,140104061,SANKARACHARYA DUTTA SAIKIA,sankaracharya
2,160104001,A OM PRAKASH SUBUDHI,aopsubudhi
3,160104002,ABHIRAM SINGH,abhiram
4,160104003,ABHISHEK KAUSHAL,kaushal.abhishek
5,160104006,ANAND KUMAR,anand079sv
6,160104010,ANSHUL MODI,anshulmodi9
7,160104012,ATUL KUMAR SINGH,atulsingh1408
8,160104015,BONALA KRISHNA,bonala.krishna
9,160104016,BUSA ROHITH KUMAR REDDY,busarohithkumarreddy17
10,160104017,DAKHARE SRUSHTI RAMKRISHNA,srushti.dakhare
11,160104018,DEEPAK GARG,deepak2016
12,160104019,DEEPAK KUMAR,deepak.566
13,160104020,DEEPAK KUMAR,deepak.civil
14,160104021,DEEPAK SHARMA,iitiandeepak
15,160104022,DEVENDRA SINGH MEENA,devendra.meena
16,160104023,DHANANJAY PATHAK,dhananjay.pathak
17,160104025,GANTA SAI CHAKRADHAR,sai.chakri
18,160104027,GAUTAM KUMAR SINGH,gautham.singh
19,160104029,GUNTI CHETAN,chetan.gunti
20,160104031,HEMANT GARHWAL,hemant.garhwal
21,160104033,HIMANSHU KAUSHIK,himanshulatta
22,160104034,KADAVAKOLLU UDAY KIRAN,udaykadavakollu
23,160104035,KAMIREDDY SAI SRINIVAS REDDY,kamireddysai
24,160104036,KAPISH VERMA,kapishverma
25,160104038,KUNAL GAURAV,kunal2016
26,160104040,MANISH KUMAR SIHARA,m.sihara
27,160104041,MANU PORWAL,manu.11_porwal
28,160104042,MAYANGLAMBAM KHOGENDRAJIT SINGH,khogen
29,160104044,MEGH CHAND,megh.chand
30,160104047,NAYAN MANGAL,nayanmangal
31,160104049,PRABHJOT SINGH GILL,psgpsg
32,160104050,PRAKHAR SHRIVASTAVA,prakhar2016
33,160104052,PRASHANT SINGH,prashant9oct
34,160104053,PRIYANSHU KUMAR SINHA,priyanshu_30
35,160104055,RACHIT SRIVASTAVA,rachit1307
36,160104058,RAJAT SHARMA,rajat.592350
37,160104059,RAKESH,rakesh.meghwal
38,160104060,RAKESH KUMAR,rakeshbeerendra
39,160104061,RAKESH ROUSHAN,rakeshb9
40,160104064,SAMPAT CHOUDHARY,sampat.choudhary
41,160104066,SARTHAK SAXENA,sarthak25
42,160104069,SAURAV KHANDELWAL,saurav1823_one
43,160104070,SHERU KHAN,sherukhan007
44,160104071,SHIVENDU ANAND,shivendusingh
45,160104073,TUSHAR YADAV,tusharyadav
46,160104074,VAIBHAV,vaibhavnarwal
47,160104075,VIBHANSHU MISHRA,vibhanshu.mishra_9
48,160104076,VIKRANT CHANDARANA,vikrant99
49,160104077,VINAY KUMAR ARYA,vinay_arya98
50,160104078,VIVEK KUMAR,vivekkumar
51,160104079,VIVEK SINGH,viveksingh
52,160104080,YASHWARDHAN PANWAR,yashwardhan
53,160104081,YOGESH KUMAR,yogesh_2.5
