1,140104021,BUKKE SIVA PRASAD NAIK,bukke.naik
2,140104030,HARIOM KISHORKUMAR DHOOT,hariom.dhoot
3,140104046,OJASV AGARWAL,ojasv
4,150104001,AAKARSH CHAUHAN,aakarsh
5,150104003,ABHISHEK JAIN,abhjain.2015
6,150104004,ABHISHEK PATHAK,abhishek.pathak
7,150104005,ADITYA AGARWAL,aditya.agarwal
8,150104008,APOORV TYAGI,apoorv.tyagi
9,150104009,ASHOK KUMAR,ashok.2015
10,150104011,BHASWATI DEKA,d.bhaswati
11,150104012,CHEEMALA HIMAJA,cheemala
12,150104014,DEVRANJAN MEENA,devranjan
13,150104015,DINESH KUMAR,dinesh.kumar
14,150104017,DOKKADI VANDANA,dokkadi
15,150104018,GAURAV KUMAR,gauravk.2015
16,150104019,GAURAV SINGH,gauravs.2015
17,150104020,GOURAV KUMAR,k.gourav
18,150104021,JAMBHULKAR ROHIT GOPAL,jambhulkar
19,150104022,JASWANT NAMA,jaswant
20,150104023,JYOTI PRAKASH BAL,jyoti.bal
21,150104024,KAPIL BHANWARIWAL,b.kapil
22,150104025,KONDREDDIGARI SHRIKAR REDDY,ks.reddy
23,150104026,KUNAL BHARDWAJ,kunal.bhardwaj
24,150104027,KUNAL KUMBHKAR,kunal.kumbhkar
25,150104028,LAKSHAY KHANNA,lakshay
26,150104029,MANISH KUMAR SINGH,manish.ks
27,150104030,MEHUL BHATIA,mehul.bhatia
28,150104031,MOHD UMAR KHAN,mohd.khan
29,150104032,MOTI RAM,moti.ram
30,150104033,NEERAJ KUMAR JAREDA,n.jareda
31,150104034,NISHANT KAJLA,n.kajla
32,150104035,NITIN KATIYAR,nitin.katiyar
33,150104037,PAKSHAJ BHARDWAJ,pakshaj
34,150104038,PALASH MATHUR,p.mathur
35,150104039,PRANSHU JANGID,p.jangid
36,150104040,PRATEEK CHOURASIA,c.prateek
37,150104041,PRATYAY PRAKASH NIGAM,pratyay
38,150104043,PUNEET YADAV,puneet.yadav
39,150104044,RAGHVENDRA SINGH SENGAR,r.sengar
40,150104045,RANJAN KUMAR CHOUDHARY,c.ranjan
41,150104046,RANJEET ROY,r.ranjeet
42,150104048,RITESH BIDUA,b.ritesh
43,150104049,ROHIT YADAV,y.rohit
44,150104051,SATYAM,satyam.2015
45,150104052,SHADAB AKHTER,shadab.akhter
46,150104053,SHARAD KUMAR,sharad.kumar
47,150104054,SHASHANK AGGARWAL,shashank.2015
48,150104055,SHIVAM,shivam.civ
49,150104056,SHIVAM PATHAK,shivam.pathak
50,150104057,SHIVSHANT TRIPATHI,shivshant
51,150104058,SHOBHIT ANAND,shobhit.anand
52,150104059,SHUBHAM CHAUDHARY,shubham.chaudhary
53,150104060,SHUBHAM KUMAR,shubham.kumar
54,150104062,SOUTREYA KUNDU,soutreya.kundu
55,150104064,SUBHASH SAURABH,subhash.saurabh
56,150104065,SUMIT KUMAR BHARTI,sumit.bharti
57,150104066,SURAJ KUMAR,suraj.2015
58,150104067,SUSHUMNA CH,sushumna.ch
59,150104068,TAMGADGE DHIRAJ RAJENDRA,tamgadge
60,150104069,TARUN GUPTA,tarun.gupta
61,150104070,TEJVEER SINGH,tejveer.singh
62,150104071,TELUGU NAVEEN,telugu.naveen
63,150104072,UTKARSH UJJWAL,u.utkarsh
64,150104073,VAIBHAV VISHAL,vaibhav.vishal
65,150104074,VIJAY MEENA,vijay.2015
66,150104075,VIKRAM AGARWAL,vikram.2015
67,150104076,VISHVAJEET KANT,vishvajeet
68,150104077,WILLIAM DUPAK,william
