1,174104004,SUSMIT BORUAH,susmi174104004
2,174104005,NAVNEETH KARMACHANDRAN,karma174104005
3,174104045,TUSSHAR SHARMA,tussh174104045
4,174104054,NITISH KUMAR YADAV,nitis174104054
5,174104078,MELETETSEGA GASHAW GEBEYEHU,melet174104078
6,174104093,NAYAAB MITTAL,mitta174104093
7,174104094,MRIGANABH CHOUDHURY,mriga174104094
8,174104095,MANNE MANOJ KUMAR,manoj174104095
9,174104096,NIKHIL IMMADI,nikhi174104096
10,174104097,RAKESH SAHOO,sahoo174104097
11,174104098,AVINASH KUMAR,avina174104098
12,174104099,KISHORE KUMAR GHOSH,ghosh174104099
13,174104100,SUJATA DAS,das174104100
14,174104101,BIPIN KUMAR GAUTAM,bipin174104101
15,174104104,SHUBHAM MALU,malu174104104
16,174104105,SHREYAS S K,shrey174104105
17,174104106,BHARAT RATTAN,bhara174104106
18,174104135,RITURAJ DEVRANI,ritur174104135
